split,class,path,ok,error
train,real,d:\deepfake_noise_wavelet_ml\data\raw\deepfake_merged_dataset\train\real\train_real_dri_real_000243021.jpg,1,
train,real,d:\deepfake_noise_wavelet_ml\data\raw\deepfake_merged_dataset\train\real\train_real_cdfv2_real_000168110.jpg,1,
train,real,d:\deepfake_noise_wavelet_ml\data\raw\deepfake_merged_dataset\train\real\train_real_cdfv2_real_000156796.jpg,1,
train,real,d:\deepfake_noise_wavelet_ml\data\raw\deepfake_merged_dataset\train\real\train_real_dri_real_000260969.jpg,1,
train,real,d:\deepfake_noise_wavelet_ml\data\raw\deepfake_merged_dataset\train\real\train_real_cdfv2_real_000189579.jpg,1,
train,real,d:\deepfake_noise_wavelet_ml\data\raw\deepfake_merged_dataset\train\real\train_real_cdfv2_real_000185626.jpg,1,
train,real,d:\deepfake_noise_wavelet_ml\data\raw\deepfake_merged_dataset\train\real\train_real_cdfv2_real_000182779.jpg,1,
train,real,d:\deepfake_noise_wavelet_ml\data\raw\deepfake_merged_dataset\train\real\train_real_cdfv2_real_000171809.jpg,1,
train,real,d:\deepfake_noise_wavelet_ml\data\raw\deepfake_merged_dataset\train\real\train_real_dri_real_000259884.jpg,1,
train,real,d:\deepfake_noise_wavelet_ml\data\raw\deepfake_merged_dataset\train\real\train_real_cdfv2_real_000166952.jpg,1,
train,real,d:\deepfake_noise_wavelet_ml\data\raw\deepfake_merged_dataset\train\real\train_real_dri_real_000249182.jpg,1,
train,real,d:\deepfake_noise_wavelet_ml\data\raw\deepfake_merged_dataset\train\real\train_real_dri_real_000260757.jpg,1,
train,real,d:\deepfake_noise_wavelet_ml\data\raw\deepfake_merged_dataset\train\real\train_real_dri_real_000227519.jpg,1,
train,real,d:\deepfake_noise_wavelet_ml\data\raw\deepfake_merged_dataset\train\real\train_real_cdfv2_real_000164913.jpg,1,
train,real,d:\deepfake_noise_wavelet_ml\data\raw\deepfake_merged_dataset\train\real\train_real_dri_real_000234739.jpg,1,
train,real,d:\deepfake_noise_wavelet_ml\data\raw\deepfake_merged_dataset\train\real\train_real_dri_real_000209412.jpg,1,
train,real,d:\deepfake_noise_wavelet_ml\data\raw\deepfake_merged_dataset\train\real\train_real_cdfv2_real_000157683.jpg,1,
train,real,d:\deepfake_noise_wavelet_ml\data\raw\deepfake_merged_dataset\train\real\train_real_cdfv2_real_000157423.jpg,1,
train,real,d:\deepfake_noise_wavelet_ml\data\raw\deepfake_merged_dataset\train\real\train_real_cdfv2_real_000165798.jpg,1,
train,real,d:\deepfake_noise_wavelet_ml\data\raw\deepfake_merged_dataset\train\real\train_real_cdfv2_real_000182180.jpg,1,
train,real,d:\deepfake_noise_wavelet_ml\data\raw\deepfake_merged_dataset\train\real\train_real_cdfv2_real_000184023.jpg,1,
train,real,d:\deepfake_noise_wavelet_ml\data\raw\deepfake_merged_dataset\train\real\train_real_dri_real_000221425.jpg,1,
train,real,d:\deepfake_noise_wavelet_ml\data\raw\deepfake_merged_dataset\train\real\train_real_dri_real_000236761.jpg,1,
train,real,d:\deepfake_noise_wavelet_ml\data\raw\deepfake_merged_dataset\train\real\train_real_cdfv2_real_000156996.jpg,1,
train,real,d:\deepfake_noise_wavelet_ml\data\raw\deepfake_merged_dataset\train\real\train_real_dri_real_000230070.jpg,1,
train,real,d:\deepfake_noise_wavelet_ml\data\raw\deepfake_merged_dataset\train\real\train_real_cdfv2_real_000179585.jpg,1,
train,real,d:\deepfake_noise_wavelet_ml\data\raw\deepfake_merged_dataset\train\real\train_real_dri_real_000255933.jpg,1,
train,real,d:\deepfake_noise_wavelet_ml\data\raw\deepfake_merged_dataset\train\real\train_real_dri_real_000244775.jpg,1,
train,real,d:\deepfake_noise_wavelet_ml\data\raw\deepfake_merged_dataset\train\real\train_real_dri_real_000253284.jpg,1,
train,real,d:\deepfake_noise_wavelet_ml\data\raw\deepfake_merged_dataset\train\real\train_real_dri_real_000227435.jpg,1,
train,real,d:\deepfake_noise_wavelet_ml\data\raw\deepfake_merged_dataset\train\real\train_real_dri_real_000209052.jpg,1,
train,real,d:\deepfake_noise_wavelet_ml\data\raw\deepfake_merged_dataset\train\real\train_real_cdfv2_real_000182416.jpg,1,
train,real,d:\deepfake_noise_wavelet_ml\data\raw\deepfake_merged_dataset\train\real\train_real_dri_real_000213262.jpg,1,
train,real,d:\deepfake_noise_wavelet_ml\data\raw\deepfake_merged_dataset\train\real\train_real_dri_real_000234528.jpg,1,
train,real,d:\deepfake_noise_wavelet_ml\data\raw\deepfake_merged_dataset\train\real\train_real_cdfv2_real_000189994.jpg,1,
train,real,d:\deepfake_noise_wavelet_ml\data\raw\deepfake_merged_dataset\train\real\train_real_cdfv2_real_000154369.jpg,1,
train,real,d:\deepfake_noise_wavelet_ml\data\raw\deepfake_merged_dataset\train\real\train_real_ffpp_original_000264401.jpg,1,
train,real,d:\deepfake_noise_wavelet_ml\data\raw\deepfake_merged_dataset\train\real\train_real_cdfv2_real_000174447.jpg,1,
train,real,d:\deepfake_noise_wavelet_ml\data\raw\deepfake_merged_dataset\train\real\train_real_dri_real_000252760.jpg,1,
train,real,d:\deepfake_noise_wavelet_ml\data\raw\deepfake_merged_dataset\train\real\train_real_dri_real_000209502.jpg,1,
train,real,d:\deepfake_noise_wavelet_ml\data\raw\deepfake_merged_dataset\train\real\train_real_dri_real_000198128.jpg,1,
train,real,d:\deepfake_noise_wavelet_ml\data\raw\deepfake_merged_dataset\train\real\train_real_cdfv2_real_000189952.jpg,1,
train,real,d:\deepfake_noise_wavelet_ml\data\raw\deepfake_merged_dataset\train\real\train_real_cdfv2_real_000173899.jpg,1,
train,real,d:\deepfake_noise_wavelet_ml\data\raw\deepfake_merged_dataset\train\real\train_real_cdfv2_real_000181744.jpg,1,
train,real,d:\deepfake_noise_wavelet_ml\data\raw\deepfake_merged_dataset\train\real\train_real_ffpp_original_000265015.jpg,1,
train,real,d:\deepfake_noise_wavelet_ml\data\raw\deepfake_merged_dataset\train\real\train_real_dri_real_000197649.jpg,1,
train,real,d:\deepfake_noise_wavelet_ml\data\raw\deepfake_merged_dataset\train\real\train_real_cdfv2_real_000166914.jpg,1,
train,real,d:\deepfake_noise_wavelet_ml\data\raw\deepfake_merged_dataset\train\real\train_real_cdfv2_real_000165674.jpg,1,
train,real,d:\deepfake_noise_wavelet_ml\data\raw\deepfake_merged_dataset\train\real\train_real_dri_real_000203339.jpg,1,
train,real,d:\deepfake_noise_wavelet_ml\data\raw\deepfake_merged_dataset\train\real\train_real_cdfv2_real_000166194.jpg,1,
train,real,d:\deepfake_noise_wavelet_ml\data\raw\deepfake_merged_dataset\train\real\train_real_dri_real_000200583.jpg,1,
train,real,d:\deepfake_noise_wavelet_ml\data\raw\deepfake_merged_dataset\train\real\train_real_dri_real_000198613.jpg,1,
train,real,d:\deepfake_noise_wavelet_ml\data\raw\deepfake_merged_dataset\train\real\train_real_dri_real_000237057.jpg,1,
train,real,d:\deepfake_noise_wavelet_ml\data\raw\deepfake_merged_dataset\train\real\train_real_cdfv2_real_000188199.jpg,1,
train,real,d:\deepfake_noise_wavelet_ml\data\raw\deepfake_merged_dataset\train\real\train_real_cdfv2_real_000159213.jpg,1,
train,real,d:\deepfake_noise_wavelet_ml\data\raw\deepfake_merged_dataset\train\real\train_real_dri_real_000258565.jpg,1,
train,real,d:\deepfake_noise_wavelet_ml\data\raw\deepfake_merged_dataset\train\real\train_real_dri_real_000214710.jpg,1,
train,real,d:\deepfake_noise_wavelet_ml\data\raw\deepfake_merged_dataset\train\real\train_real_dri_real_000225970.jpg,1,
train,real,d:\deepfake_noise_wavelet_ml\data\raw\deepfake_merged_dataset\train\real\train_real_cdfv2_real_000169880.jpg,1,
train,real,d:\deepfake_noise_wavelet_ml\data\raw\deepfake_merged_dataset\train\real\train_real_dri_real_000203157.jpg,1,
train,real,d:\deepfake_noise_wavelet_ml\data\raw\deepfake_merged_dataset\train\real\train_real_cdfv2_real_000163846.jpg,1,
train,real,d:\deepfake_noise_wavelet_ml\data\raw\deepfake_merged_dataset\train\real\train_real_dri_real_000228583.jpg,1,
train,real,d:\deepfake_noise_wavelet_ml\data\raw\deepfake_merged_dataset\train\real\train_real_cdfv2_real_000191958.jpg,1,
train,real,d:\deepfake_noise_wavelet_ml\data\raw\deepfake_merged_dataset\train\real\train_real_dri_real_000241276.jpg,1,
train,real,d:\deepfake_noise_wavelet_ml\data\raw\deepfake_merged_dataset\train\real\train_real_dri_real_000239529.jpg,1,
train,real,d:\deepfake_noise_wavelet_ml\data\raw\deepfake_merged_dataset\train\real\train_real_dri_real_000200931.jpg,1,
train,real,d:\deepfake_noise_wavelet_ml\data\raw\deepfake_merged_dataset\train\real\train_real_dri_real_000232555.jpg,1,
train,real,d:\deepfake_noise_wavelet_ml\data\raw\deepfake_merged_dataset\train\real\train_real_cdfv2_real_000178726.jpg,1,
train,real,d:\deepfake_noise_wavelet_ml\data\raw\deepfake_merged_dataset\train\real\train_real_dri_real_000253866.jpg,1,
train,real,d:\deepfake_noise_wavelet_ml\data\raw\deepfake_merged_dataset\train\real\train_real_cdfv2_real_000162634.jpg,1,
train,real,d:\deepfake_noise_wavelet_ml\data\raw\deepfake_merged_dataset\train\real\train_real_cdfv2_real_000159524.jpg,1,
train,real,d:\deepfake_noise_wavelet_ml\data\raw\deepfake_merged_dataset\train\real\train_real_dri_real_000246587.jpg,1,
train,real,d:\deepfake_noise_wavelet_ml\data\raw\deepfake_merged_dataset\train\real\train_real_cdfv2_real_000183394.jpg,1,
train,real,d:\deepfake_noise_wavelet_ml\data\raw\deepfake_merged_dataset\train\real\train_real_ffpp_original_000266270.jpg,1,
train,real,d:\deepfake_noise_wavelet_ml\data\raw\deepfake_merged_dataset\train\real\train_real_cdfv2_real_000191461.jpg,1,
train,real,d:\deepfake_noise_wavelet_ml\data\raw\deepfake_merged_dataset\train\real\train_real_cdfv2_real_000163976.jpg,1,
train,real,d:\deepfake_noise_wavelet_ml\data\raw\deepfake_merged_dataset\train\real\train_real_cdfv2_real_000184040.jpg,1,
train,real,d:\deepfake_noise_wavelet_ml\data\raw\deepfake_merged_dataset\train\real\train_real_cdfv2_real_000166756.jpg,1,
train,real,d:\deepfake_noise_wavelet_ml\data\raw\deepfake_merged_dataset\train\real\train_real_dri_real_000203365.jpg,1,
train,real,d:\deepfake_noise_wavelet_ml\data\raw\deepfake_merged_dataset\train\real\train_real_cdfv2_real_000189965.jpg,1,
train,real,d:\deepfake_noise_wavelet_ml\data\raw\deepfake_merged_dataset\train\real\train_real_dri_real_000213844.jpg,1,
train,real,d:\deepfake_noise_wavelet_ml\data\raw\deepfake_merged_dataset\train\real\train_real_dri_real_000242427.jpg,1,
train,real,d:\deepfake_noise_wavelet_ml\data\raw\deepfake_merged_dataset\train\real\train_real_dri_real_000201350.jpg,1,
train,real,d:\deepfake_noise_wavelet_ml\data\raw\deepfake_merged_dataset\train\real\train_real_cdfv2_real_000174840.jpg,1,
train,real,d:\deepfake_noise_wavelet_ml\data\raw\deepfake_merged_dataset\train\real\train_real_dri_real_000202051.jpg,1,
train,real,d:\deepfake_noise_wavelet_ml\data\raw\deepfake_merged_dataset\train\real\train_real_dri_real_000200097.jpg,1,
train,real,d:\deepfake_noise_wavelet_ml\data\raw\deepfake_merged_dataset\train\real\train_real_cdfv2_real_000180983.jpg,1,
train,real,d:\deepfake_noise_wavelet_ml\data\raw\deepfake_merged_dataset\train\real\train_real_dri_real_000248116.jpg,1,
train,real,d:\deepfake_noise_wavelet_ml\data\raw\deepfake_merged_dataset\train\real\train_real_cdfv2_real_000188524.jpg,1,
train,real,d:\deepfake_noise_wavelet_ml\data\raw\deepfake_merged_dataset\train\real\train_real_dri_real_000253371.jpg,1,
train,real,d:\deepfake_noise_wavelet_ml\data\raw\deepfake_merged_dataset\train\real\train_real_dri_real_000250319.jpg,1,
train,real,d:\deepfake_noise_wavelet_ml\data\raw\deepfake_merged_dataset\train\real\train_real_dri_real_000244481.jpg,1,
train,real,d:\deepfake_noise_wavelet_ml\data\raw\deepfake_merged_dataset\train\real\train_real_cdfv2_real_000162876.jpg,1,
train,real,d:\deepfake_noise_wavelet_ml\data\raw\deepfake_merged_dataset\train\real\train_real_dri_real_000237953.jpg,1,
train,real,d:\deepfake_noise_wavelet_ml\data\raw\deepfake_merged_dataset\train\real\train_real_dri_real_000242303.jpg,1,
train,real,d:\deepfake_noise_wavelet_ml\data\raw\deepfake_merged_dataset\train\real\train_real_cdfv2_real_000175954.jpg,1,
train,real,d:\deepfake_noise_wavelet_ml\data\raw\deepfake_merged_dataset\train\real\train_real_dri_real_000225642.jpg,1,
train,real,d:\deepfake_noise_wavelet_ml\data\raw\deepfake_merged_dataset\train\real\train_real_dri_real_000258446.jpg,1,
train,real,d:\deepfake_noise_wavelet_ml\data\raw\deepfake_merged_dataset\train\real\train_real_cdfv2_real_000185615.jpg,1,
train,real,d:\deepfake_noise_wavelet_ml\data\raw\deepfake_merged_dataset\train\real\train_real_cdfv2_real_000174939.jpg,1,
train,fake,d:\deepfake_noise_wavelet_ml\data\raw\deepfake_merged_dataset\train\fake\train_fake_dri_fake_000086101.jpg,1,
train,fake,d:\deepfake_noise_wavelet_ml\data\raw\deepfake_merged_dataset\train\fake\train_fake_dri_fake_000075246.jpg,1,
train,fake,d:\deepfake_noise_wavelet_ml\data\raw\deepfake_merged_dataset\train\fake\train_fake_cdfv2_fake_000060889.jpg,1,
train,fake,d:\deepfake_noise_wavelet_ml\data\raw\deepfake_merged_dataset\train\fake\train_fake_ffpp_faceswap_000146807.jpg,1,
train,fake,d:\deepfake_noise_wavelet_ml\data\raw\deepfake_merged_dataset\train\fake\train_fake_dri_fake_000109400.jpg,1,
train,fake,d:\deepfake_noise_wavelet_ml\data\raw\deepfake_merged_dataset\train\fake\train_fake_dri_fake_000115712.jpg,1,
train,fake,d:\deepfake_noise_wavelet_ml\data\raw\deepfake_merged_dataset\train\fake\train_fake_dri_fake_000098512.jpg,1,
train,fake,d:\deepfake_noise_wavelet_ml\data\raw\deepfake_merged_dataset\train\fake\train_fake_cdfv2_fake_000054292.jpg,1,
train,fake,d:\deepfake_noise_wavelet_ml\data\raw\deepfake_merged_dataset\train\fake\train_fake_dri_fake_000115247.jpg,1,
train,fake,d:\deepfake_noise_wavelet_ml\data\raw\deepfake_merged_dataset\train\fake\train_fake_dri_fake_000068015.jpg,1,
train,fake,d:\deepfake_noise_wavelet_ml\data\raw\deepfake_merged_dataset\train\fake\train_fake_dri_fake_000135989.jpg,1,
train,fake,d:\deepfake_noise_wavelet_ml\data\raw\deepfake_merged_dataset\train\fake\train_fake_dri_fake_000126218.jpg,1,
train,fake,d:\deepfake_noise_wavelet_ml\data\raw\deepfake_merged_dataset\train\fake\train_fake_dri_fake_000127225.jpg,1,
train,fake,d:\deepfake_noise_wavelet_ml\data\raw\deepfake_merged_dataset\train\fake\train_fake_cdfv2_fake_000032836.jpg,1,
train,fake,d:\deepfake_noise_wavelet_ml\data\raw\deepfake_merged_dataset\train\fake\train_fake_cdfv2_fake_000055528.jpg,1,
train,fake,d:\deepfake_noise_wavelet_ml\data\raw\deepfake_merged_dataset\train\fake\train_fake_dri_fake_000133230.jpg,1,
train,fake,d:\deepfake_noise_wavelet_ml\data\raw\deepfake_merged_dataset\train\fake\train_fake_cdfv2_fake_000029712.jpg,1,
train,fake,d:\deepfake_noise_wavelet_ml\data\raw\deepfake_merged_dataset\train\fake\train_fake_dri_fake_000131033.jpg,1,
train,fake,d:\deepfake_noise_wavelet_ml\data\raw\deepfake_merged_dataset\train\fake\train_fake_dri_fake_000066857.jpg,1,
train,fake,d:\deepfake_noise_wavelet_ml\data\raw\deepfake_merged_dataset\train\fake\train_fake_dri_fake_000078092.jpg,1,
train,fake,d:\deepfake_noise_wavelet_ml\data\raw\deepfake_merged_dataset\train\fake\train_fake_cdfv2_fake_000060600.jpg,1,
train,fake,d:\deepfake_noise_wavelet_ml\data\raw\deepfake_merged_dataset\train\fake\train_fake_cdfv2_fake_000034180.jpg,1,
train,fake,d:\deepfake_noise_wavelet_ml\data\raw\deepfake_merged_dataset\train\fake\train_fake_cdfv2_fake_000053160.jpg,1,
train,fake,d:\deepfake_noise_wavelet_ml\data\raw\deepfake_merged_dataset\train\fake\train_fake_ffpp_faceshifter_000145201.jpg,1,
train,fake,d:\deepfake_noise_wavelet_ml\data\raw\deepfake_merged_dataset\train\fake\train_fake_ffpp_faceswap_000149104.jpg,1,
train,fake,d:\deepfake_noise_wavelet_ml\data\raw\deepfake_merged_dataset\train\fake\train_fake_dri_fake_000099853.jpg,1,
train,fake,d:\deepfake_noise_wavelet_ml\data\raw\deepfake_merged_dataset\train\fake\train_fake_ffpp_face2face_000140382.jpg,1,
train,fake,d:\deepfake_noise_wavelet_ml\data\raw\deepfake_merged_dataset\train\fake\train_fake_dri_fake_000119612.jpg,1,
train,fake,d:\deepfake_noise_wavelet_ml\data\raw\deepfake_merged_dataset\train\fake\train_fake_dri_fake_000066755.jpg,1,
train,fake,d:\deepfake_noise_wavelet_ml\data\raw\deepfake_merged_dataset\train\fake\train_fake_cdfv2_fake_000053376.jpg,1,
train,fake,d:\deepfake_noise_wavelet_ml\data\raw\deepfake_merged_dataset\train\fake\train_fake_dri_fake_000111423.jpg,1,
train,fake,d:\deepfake_noise_wavelet_ml\data\raw\deepfake_merged_dataset\train\fake\train_fake_dri_fake_000090947.jpg,1,
train,fake,d:\deepfake_noise_wavelet_ml\data\raw\deepfake_merged_dataset\train\fake\train_fake_dri_fake_000077367.jpg,1,
train,fake,d:\deepfake_noise_wavelet_ml\data\raw\deepfake_merged_dataset\train\fake\train_fake_ffpp_face2face_000141472.jpg,1,
train,fake,d:\deepfake_noise_wavelet_ml\data\raw\deepfake_merged_dataset\train\fake\train_fake_ffpp_faceshifter_000145386.jpg,1,
train,fake,d:\deepfake_noise_wavelet_ml\data\raw\deepfake_merged_dataset\train\fake\train_fake_dri_fake_000109773.jpg,1,
train,fake,d:\deepfake_noise_wavelet_ml\data\raw\deepfake_merged_dataset\train\fake\train_fake_dri_fake_000085654.jpg,1,
train,fake,d:\deepfake_noise_wavelet_ml\data\raw\deepfake_merged_dataset\train\fake\train_fake_cdfv2_fake_000044233.jpg,1,
train,fake,d:\deepfake_noise_wavelet_ml\data\raw\deepfake_merged_dataset\train\fake\train_fake_cdfv2_fake_000060225.jpg,1,
train,fake,d:\deepfake_noise_wavelet_ml\data\raw\deepfake_merged_dataset\train\fake\train_fake_cdfv2_fake_000043808.jpg,1,
train,fake,d:\deepfake_noise_wavelet_ml\data\raw\deepfake_merged_dataset\train\fake\train_fake_cdfv2_fake_000057832.jpg,1,
train,fake,d:\deepfake_noise_wavelet_ml\data\raw\deepfake_merged_dataset\train\fake\train_fake_dri_fake_000123161.jpg,1,
train,fake,d:\deepfake_noise_wavelet_ml\data\raw\deepfake_merged_dataset\train\fake\train_fake_dri_fake_000099091.jpg,1,
train,fake,d:\deepfake_noise_wavelet_ml\data\raw\deepfake_merged_dataset\train\fake\train_fake_dri_fake_000096156.jpg,1,
train,fake,d:\deepfake_noise_wavelet_ml\data\raw\deepfake_merged_dataset\train\fake\train_fake_cdfv2_fake_000059945.jpg,1,
train,fake,d:\deepfake_noise_wavelet_ml\data\raw\deepfake_merged_dataset\train\fake\train_fake_dri_fake_000123426.jpg,1,
train,fake,d:\deepfake_noise_wavelet_ml\data\raw\deepfake_merged_dataset\train\fake\train_fake_dri_fake_000102135.jpg,1,
train,fake,d:\deepfake_noise_wavelet_ml\data\raw\deepfake_merged_dataset\train\fake\train_fake_dri_fake_000081667.jpg,1,
train,fake,d:\deepfake_noise_wavelet_ml\data\raw\deepfake_merged_dataset\train\fake\train_fake_ffpp_faceshifter_000143194.jpg,1,
train,fake,d:\deepfake_noise_wavelet_ml\data\raw\deepfake_merged_dataset\train\fake\train_fake_dri_fake_000101997.jpg,1,
train,fake,d:\deepfake_noise_wavelet_ml\data\raw\deepfake_merged_dataset\train\fake\train_fake_dri_fake_000077861.jpg,1,
train,fake,d:\deepfake_noise_wavelet_ml\data\raw\deepfake_merged_dataset\train\fake\train_fake_dri_fake_000072958.jpg,1,
train,fake,d:\deepfake_noise_wavelet_ml\data\raw\deepfake_merged_dataset\train\fake\train_fake_cdfv2_fake_000054253.jpg,1,
train,fake,d:\deepfake_noise_wavelet_ml\data\raw\deepfake_merged_dataset\train\fake\train_fake_cdfv2_fake_000043638.jpg,1,
train,fake,d:\deepfake_noise_wavelet_ml\data\raw\deepfake_merged_dataset\train\fake\train_fake_dri_fake_000092296.jpg,1,
train,fake,d:\deepfake_noise_wavelet_ml\data\raw\deepfake_merged_dataset\train\fake\train_fake_dri_fake_000090198.jpg,1,
train,fake,d:\deepfake_noise_wavelet_ml\data\raw\deepfake_merged_dataset\train\fake\train_fake_cdfv2_fake_000037420.jpg,1,
train,fake,d:\deepfake_noise_wavelet_ml\data\raw\deepfake_merged_dataset\train\fake\train_fake_dri_fake_000124575.jpg,1,
train,fake,d:\deepfake_noise_wavelet_ml\data\raw\deepfake_merged_dataset\train\fake\train_fake_cdfv2_fake_000031680.jpg,1,
train,fake,d:\deepfake_noise_wavelet_ml\data\raw\deepfake_merged_dataset\train\fake\train_fake_ffpp_deepfakes_000138381.jpg,1,
train,fake,d:\deepfake_noise_wavelet_ml\data\raw\deepfake_merged_dataset\train\fake\train_fake_cdfv2_fake_000039877.jpg,1,
train,fake,d:\deepfake_noise_wavelet_ml\data\raw\deepfake_merged_dataset\train\fake\train_fake_cdfv2_fake_000045540.jpg,1,
train,fake,d:\deepfake_noise_wavelet_ml\data\raw\deepfake_merged_dataset\train\fake\train_fake_dri_fake_000107754.jpg,1,
train,fake,d:\deepfake_noise_wavelet_ml\data\raw\deepfake_merged_dataset\train\fake\train_fake_cdfv2_fake_000046476.jpg,1,
train,fake,d:\deepfake_noise_wavelet_ml\data\raw\deepfake_merged_dataset\train\fake\train_fake_dri_fake_000129334.jpg,1,
train,fake,d:\deepfake_noise_wavelet_ml\data\raw\deepfake_merged_dataset\train\fake\train_fake_dri_fake_000114706.jpg,1,
train,fake,d:\deepfake_noise_wavelet_ml\data\raw\deepfake_merged_dataset\train\fake\train_fake_dri_fake_000080845.jpg,1,
train,fake,d:\deepfake_noise_wavelet_ml\data\raw\deepfake_merged_dataset\train\fake\train_fake_dri_fake_000103686.jpg,1,
train,fake,d:\deepfake_noise_wavelet_ml\data\raw\deepfake_merged_dataset\train\fake\train_fake_cdfv2_fake_000033831.jpg,1,
train,fake,d:\deepfake_noise_wavelet_ml\data\raw\deepfake_merged_dataset\train\fake\train_fake_dri_fake_000075943.jpg,1,
train,fake,d:\deepfake_noise_wavelet_ml\data\raw\deepfake_merged_dataset\train\fake\train_fake_dri_fake_000075530.jpg,1,
train,fake,d:\deepfake_noise_wavelet_ml\data\raw\deepfake_merged_dataset\train\fake\train_fake_dri_fake_000103618.jpg,1,
train,fake,d:\deepfake_noise_wavelet_ml\data\raw\deepfake_merged_dataset\train\fake\train_fake_dri_fake_000086860.jpg,1,
train,fake,d:\deepfake_noise_wavelet_ml\data\raw\deepfake_merged_dataset\train\fake\train_fake_dri_fake_000094864.jpg,1,
train,fake,d:\deepfake_noise_wavelet_ml\data\raw\deepfake_merged_dataset\train\fake\train_fake_cdfv2_fake_000058460.jpg,1,
train,fake,d:\deepfake_noise_wavelet_ml\data\raw\deepfake_merged_dataset\train\fake\train_fake_ffpp_neuraltextures_000152796.jpg,1,
train,fake,d:\deepfake_noise_wavelet_ml\data\raw\deepfake_merged_dataset\train\fake\train_fake_dri_fake_000098024.jpg,1,
train,fake,d:\deepfake_noise_wavelet_ml\data\raw\deepfake_merged_dataset\train\fake\train_fake_ffpp_deepfakes_000138339.jpg,1,
train,fake,d:\deepfake_noise_wavelet_ml\data\raw\deepfake_merged_dataset\train\fake\train_fake_ffpp_faceswap_000149041.jpg,1,
train,fake,d:\deepfake_noise_wavelet_ml\data\raw\deepfake_merged_dataset\train\fake\train_fake_cdfv2_fake_000027009.jpg,1,
train,fake,d:\deepfake_noise_wavelet_ml\data\raw\deepfake_merged_dataset\train\fake\train_fake_dri_fake_000114680.jpg,1,
train,fake,d:\deepfake_noise_wavelet_ml\data\raw\deepfake_merged_dataset\train\fake\train_fake_dri_fake_000119980.jpg,1,
train,fake,d:\deepfake_noise_wavelet_ml\data\raw\deepfake_merged_dataset\train\fake\train_fake_cdfv2_fake_000040521.jpg,1,
train,fake,d:\deepfake_noise_wavelet_ml\data\raw\deepfake_merged_dataset\train\fake\train_fake_dri_fake_000114867.jpg,1,
train,fake,d:\deepfake_noise_wavelet_ml\data\raw\deepfake_merged_dataset\train\fake\train_fake_ffpp_face2face_000141485.jpg,1,
train,fake,d:\deepfake_noise_wavelet_ml\data\raw\deepfake_merged_dataset\train\fake\train_fake_dri_fake_000095893.jpg,1,
train,fake,d:\deepfake_noise_wavelet_ml\data\raw\deepfake_merged_dataset\train\fake\train_fake_dri_fake_000123933.jpg,1,
train,fake,d:\deepfake_noise_wavelet_ml\data\raw\deepfake_merged_dataset\train\fake\train_fake_cdfv2_fake_000060480.jpg,1,
train,fake,d:\deepfake_noise_wavelet_ml\data\raw\deepfake_merged_dataset\train\fake\train_fake_dri_fake_000126255.jpg,1,
train,fake,d:\deepfake_noise_wavelet_ml\data\raw\deepfake_merged_dataset\train\fake\train_fake_dri_fake_000109526.jpg,1,
train,fake,d:\deepfake_noise_wavelet_ml\data\raw\deepfake_merged_dataset\train\fake\train_fake_dri_fake_000070098.jpg,1,
train,fake,d:\deepfake_noise_wavelet_ml\data\raw\deepfake_merged_dataset\train\fake\train_fake_cdfv2_fake_000040127.jpg,1,
train,fake,d:\deepfake_noise_wavelet_ml\data\raw\deepfake_merged_dataset\train\fake\train_fake_cdfv2_fake_000063979.jpg,1,
train,fake,d:\deepfake_noise_wavelet_ml\data\raw\deepfake_merged_dataset\train\fake\train_fake_dri_fake_000082497.jpg,1,
train,fake,d:\deepfake_noise_wavelet_ml\data\raw\deepfake_merged_dataset\train\fake\train_fake_cdfv2_fake_000046237.jpg,1,
train,fake,d:\deepfake_noise_wavelet_ml\data\raw\deepfake_merged_dataset\train\fake\train_fake_dri_fake_000084982.jpg,1,
train,fake,d:\deepfake_noise_wavelet_ml\data\raw\deepfake_merged_dataset\train\fake\train_fake_cdfv2_fake_000025930.jpg,1,
train,fake,d:\deepfake_noise_wavelet_ml\data\raw\deepfake_merged_dataset\train\fake\train_fake_ffpp_neuraltextures_000150533.jpg,1,
train,fake,d:\deepfake_noise_wavelet_ml\data\raw\deepfake_merged_dataset\train\fake\train_fake_dri_fake_000120160.jpg,1,
train,fake,d:\deepfake_noise_wavelet_ml\data\raw\deepfake_merged_dataset\train\fake\train_fake_ffpp_face2face_000140314.jpg,1,
val,real,d:\deepfake_noise_wavelet_ml\data\raw\deepfake_merged_dataset\val\real\val_real_dri_real_000305985.jpg,1,
val,real,d:\deepfake_noise_wavelet_ml\data\raw\deepfake_merged_dataset\val\real\val_real_dri_real_000316379.jpg,1,
val,real,d:\deepfake_noise_wavelet_ml\data\raw\deepfake_merged_dataset\val\real\val_real_dri_real_000301962.jpg,1,
val,real,d:\deepfake_noise_wavelet_ml\data\raw\deepfake_merged_dataset\val\real\val_real_dri_real_000316718.jpg,1,
val,real,d:\deepfake_noise_wavelet_ml\data\raw\deepfake_merged_dataset\val\real\val_real_cdfv2_real_000299226.jpg,1,
val,real,d:\deepfake_noise_wavelet_ml\data\raw\deepfake_merged_dataset\val\real\val_real_dri_real_000307714.jpg,1,
val,real,d:\deepfake_noise_wavelet_ml\data\raw\deepfake_merged_dataset\val\real\val_real_dri_real_000302906.jpg,1,
val,real,d:\deepfake_noise_wavelet_ml\data\raw\deepfake_merged_dataset\val\real\val_real_cdfv2_real_000300748.jpg,1,
val,real,d:\deepfake_noise_wavelet_ml\data\raw\deepfake_merged_dataset\val\real\val_real_dri_real_000311300.jpg,1,
val,real,d:\deepfake_noise_wavelet_ml\data\raw\deepfake_merged_dataset\val\real\val_real_dri_real_000301159.jpg,1,
val,real,d:\deepfake_noise_wavelet_ml\data\raw\deepfake_merged_dataset\val\real\val_real_dri_real_000318396.jpg,1,
val,real,d:\deepfake_noise_wavelet_ml\data\raw\deepfake_merged_dataset\val\real\val_real_dri_real_000317927.jpg,1,
val,real,d:\deepfake_noise_wavelet_ml\data\raw\deepfake_merged_dataset\val\real\val_real_cdfv2_real_000295757.jpg,1,
val,real,d:\deepfake_noise_wavelet_ml\data\raw\deepfake_merged_dataset\val\real\val_real_ffpp_original_000321084.jpg,1,
val,real,d:\deepfake_noise_wavelet_ml\data\raw\deepfake_merged_dataset\val\real\val_real_dri_real_000308988.jpg,1,
val,real,d:\deepfake_noise_wavelet_ml\data\raw\deepfake_merged_dataset\val\real\val_real_dri_real_000315806.jpg,1,
val,real,d:\deepfake_noise_wavelet_ml\data\raw\deepfake_merged_dataset\val\real\val_real_cdfv2_real_000296377.jpg,1,
val,real,d:\deepfake_noise_wavelet_ml\data\raw\deepfake_merged_dataset\val\real\val_real_cdfv2_real_000299405.jpg,1,
val,real,d:\deepfake_noise_wavelet_ml\data\raw\deepfake_merged_dataset\val\real\val_real_dri_real_000310800.jpg,1,
val,real,d:\deepfake_noise_wavelet_ml\data\raw\deepfake_merged_dataset\val\real\val_real_dri_real_000308150.jpg,1,
val,real,d:\deepfake_noise_wavelet_ml\data\raw\deepfake_merged_dataset\val\real\val_real_dri_real_000304785.jpg,1,
val,real,d:\deepfake_noise_wavelet_ml\data\raw\deepfake_merged_dataset\val\real\val_real_cdfv2_real_000297637.jpg,1,
val,real,d:\deepfake_noise_wavelet_ml\data\raw\deepfake_merged_dataset\val\real\val_real_dri_real_000304837.jpg,1,
val,real,d:\deepfake_noise_wavelet_ml\data\raw\deepfake_merged_dataset\val\real\val_real_dri_real_000319761.jpg,1,
val,real,d:\deepfake_noise_wavelet_ml\data\raw\deepfake_merged_dataset\val\real\val_real_cdfv2_real_000298320.jpg,1,
val,real,d:\deepfake_noise_wavelet_ml\data\raw\deepfake_merged_dataset\val\real\val_real_cdfv2_real_000298546.jpg,1,
val,real,d:\deepfake_noise_wavelet_ml\data\raw\deepfake_merged_dataset\val\real\val_real_dri_real_000315669.jpg,1,
val,real,d:\deepfake_noise_wavelet_ml\data\raw\deepfake_merged_dataset\val\real\val_real_cdfv2_real_000298007.jpg,1,
val,real,d:\deepfake_noise_wavelet_ml\data\raw\deepfake_merged_dataset\val\real\val_real_dri_real_000318033.jpg,1,
val,real,d:\deepfake_noise_wavelet_ml\data\raw\deepfake_merged_dataset\val\real\val_real_cdfv2_real_000299860.jpg,1,
val,real,d:\deepfake_noise_wavelet_ml\data\raw\deepfake_merged_dataset\val\real\val_real_cdfv2_real_000299947.jpg,1,
val,real,d:\deepfake_noise_wavelet_ml\data\raw\deepfake_merged_dataset\val\real\val_real_dri_real_000315112.jpg,1,
val,real,d:\deepfake_noise_wavelet_ml\data\raw\deepfake_merged_dataset\val\real\val_real_dri_real_000318869.jpg,1,
val,real,d:\deepfake_noise_wavelet_ml\data\raw\deepfake_merged_dataset\val\real\val_real_dri_real_000301328.jpg,1,
val,real,d:\deepfake_noise_wavelet_ml\data\raw\deepfake_merged_dataset\val\real\val_real_dri_real_000306063.jpg,1,
val,real,d:\deepfake_noise_wavelet_ml\data\raw\deepfake_merged_dataset\val\real\val_real_dri_real_000317778.jpg,1,
val,real,d:\deepfake_noise_wavelet_ml\data\raw\deepfake_merged_dataset\val\real\val_real_dri_real_000313026.jpg,1,
val,real,d:\deepfake_noise_wavelet_ml\data\raw\deepfake_merged_dataset\val\real\val_real_dri_real_000303520.jpg,1,
val,real,d:\deepfake_noise_wavelet_ml\data\raw\deepfake_merged_dataset\val\real\val_real_dri_real_000318385.jpg,1,
val,real,d:\deepfake_noise_wavelet_ml\data\raw\deepfake_merged_dataset\val\real\val_real_dri_real_000303035.jpg,1,
val,real,d:\deepfake_noise_wavelet_ml\data\raw\deepfake_merged_dataset\val\real\val_real_dri_real_000308358.jpg,1,
val,real,d:\deepfake_noise_wavelet_ml\data\raw\deepfake_merged_dataset\val\real\val_real_dri_real_000312213.jpg,1,
val,real,d:\deepfake_noise_wavelet_ml\data\raw\deepfake_merged_dataset\val\real\val_real_dri_real_000311282.jpg,1,
val,real,d:\deepfake_noise_wavelet_ml\data\raw\deepfake_merged_dataset\val\real\val_real_dri_real_000313593.jpg,1,
val,real,d:\deepfake_noise_wavelet_ml\data\raw\deepfake_merged_dataset\val\real\val_real_dri_real_000317201.jpg,1,
val,real,d:\deepfake_noise_wavelet_ml\data\raw\deepfake_merged_dataset\val\real\val_real_dri_real_000314117.jpg,1,
val,real,d:\deepfake_noise_wavelet_ml\data\raw\deepfake_merged_dataset\val\real\val_real_cdfv2_real_000299705.jpg,1,
val,real,d:\deepfake_noise_wavelet_ml\data\raw\deepfake_merged_dataset\val\real\val_real_dri_real_000305212.jpg,1,
val,real,d:\deepfake_noise_wavelet_ml\data\raw\deepfake_merged_dataset\val\real\val_real_dri_real_000304108.jpg,1,
val,real,d:\deepfake_noise_wavelet_ml\data\raw\deepfake_merged_dataset\val\real\val_real_cdfv2_real_000297837.jpg,1,
val,real,d:\deepfake_noise_wavelet_ml\data\raw\deepfake_merged_dataset\val\real\val_real_dri_real_000309603.jpg,1,
val,real,d:\deepfake_noise_wavelet_ml\data\raw\deepfake_merged_dataset\val\real\val_real_cdfv2_real_000296428.jpg,1,
val,real,d:\deepfake_noise_wavelet_ml\data\raw\deepfake_merged_dataset\val\real\val_real_ffpp_original_000320735.jpg,1,
val,real,d:\deepfake_noise_wavelet_ml\data\raw\deepfake_merged_dataset\val\real\val_real_dri_real_000319061.jpg,1,
val,real,d:\deepfake_noise_wavelet_ml\data\raw\deepfake_merged_dataset\val\real\val_real_dri_real_000304345.jpg,1,
val,real,d:\deepfake_noise_wavelet_ml\data\raw\deepfake_merged_dataset\val\real\val_real_ffpp_original_000320740.jpg,1,
val,real,d:\deepfake_noise_wavelet_ml\data\raw\deepfake_merged_dataset\val\real\val_real_dri_real_000303890.jpg,1,
val,real,d:\deepfake_noise_wavelet_ml\data\raw\deepfake_merged_dataset\val\real\val_real_cdfv2_real_000295974.jpg,1,
val,real,d:\deepfake_noise_wavelet_ml\data\raw\deepfake_merged_dataset\val\real\val_real_cdfv2_real_000298066.jpg,1,
val,real,d:\deepfake_noise_wavelet_ml\data\raw\deepfake_merged_dataset\val\real\val_real_cdfv2_real_000297668.jpg,1,
val,real,d:\deepfake_noise_wavelet_ml\data\raw\deepfake_merged_dataset\val\real\val_real_dri_real_000304288.jpg,1,
val,real,d:\deepfake_noise_wavelet_ml\data\raw\deepfake_merged_dataset\val\real\val_real_cdfv2_real_000297948.jpg,1,
val,real,d:\deepfake_noise_wavelet_ml\data\raw\deepfake_merged_dataset\val\real\val_real_cdfv2_real_000296768.jpg,1,
val,real,d:\deepfake_noise_wavelet_ml\data\raw\deepfake_merged_dataset\val\real\val_real_dri_real_000309257.jpg,1,
val,real,d:\deepfake_noise_wavelet_ml\data\raw\deepfake_merged_dataset\val\real\val_real_cdfv2_real_000298061.jpg,1,
val,real,d:\deepfake_noise_wavelet_ml\data\raw\deepfake_merged_dataset\val\real\val_real_dri_real_000316998.jpg,1,
val,real,d:\deepfake_noise_wavelet_ml\data\raw\deepfake_merged_dataset\val\real\val_real_dri_real_000304724.jpg,1,
val,real,d:\deepfake_noise_wavelet_ml\data\raw\deepfake_merged_dataset\val\real\val_real_dri_real_000306721.jpg,1,
val,real,d:\deepfake_noise_wavelet_ml\data\raw\deepfake_merged_dataset\val\real\val_real_dri_real_000315641.jpg,1,
val,real,d:\deepfake_noise_wavelet_ml\data\raw\deepfake_merged_dataset\val\real\val_real_dri_real_000303619.jpg,1,
val,real,d:\deepfake_noise_wavelet_ml\data\raw\deepfake_merged_dataset\val\real\val_real_dri_real_000318379.jpg,1,
val,real,d:\deepfake_noise_wavelet_ml\data\raw\deepfake_merged_dataset\val\real\val_real_cdfv2_real_000300075.jpg,1,
val,real,d:\deepfake_noise_wavelet_ml\data\raw\deepfake_merged_dataset\val\real\val_real_dri_real_000319948.jpg,1,
val,real,d:\deepfake_noise_wavelet_ml\data\raw\deepfake_merged_dataset\val\real\val_real_dri_real_000320233.jpg,1,
val,real,d:\deepfake_noise_wavelet_ml\data\raw\deepfake_merged_dataset\val\real\val_real_dri_real_000314992.jpg,1,
val,real,d:\deepfake_noise_wavelet_ml\data\raw\deepfake_merged_dataset\val\real\val_real_dri_real_000304945.jpg,1,
val,real,d:\deepfake_noise_wavelet_ml\data\raw\deepfake_merged_dataset\val\real\val_real_dri_real_000315008.jpg,1,
val,real,d:\deepfake_noise_wavelet_ml\data\raw\deepfake_merged_dataset\val\real\val_real_dri_real_000312496.jpg,1,
val,real,d:\deepfake_noise_wavelet_ml\data\raw\deepfake_merged_dataset\val\real\val_real_dri_real_000302517.jpg,1,
val,real,d:\deepfake_noise_wavelet_ml\data\raw\deepfake_merged_dataset\val\real\val_real_cdfv2_real_000298830.jpg,1,
val,real,d:\deepfake_noise_wavelet_ml\data\raw\deepfake_merged_dataset\val\real\val_real_cdfv2_real_000298916.jpg,1,
val,real,d:\deepfake_noise_wavelet_ml\data\raw\deepfake_merged_dataset\val\real\val_real_dri_real_000313318.jpg,1,
val,real,d:\deepfake_noise_wavelet_ml\data\raw\deepfake_merged_dataset\val\real\val_real_dri_real_000310383.jpg,1,
val,real,d:\deepfake_noise_wavelet_ml\data\raw\deepfake_merged_dataset\val\real\val_real_dri_real_000313040.jpg,1,
val,real,d:\deepfake_noise_wavelet_ml\data\raw\deepfake_merged_dataset\val\real\val_real_dri_real_000312630.jpg,1,
val,real,d:\deepfake_noise_wavelet_ml\data\raw\deepfake_merged_dataset\val\real\val_real_dri_real_000314715.jpg,1,
val,real,d:\deepfake_noise_wavelet_ml\data\raw\deepfake_merged_dataset\val\real\val_real_cdfv2_real_000297514.jpg,1,
val,real,d:\deepfake_noise_wavelet_ml\data\raw\deepfake_merged_dataset\val\real\val_real_cdfv2_real_000298964.jpg,1,
val,real,d:\deepfake_noise_wavelet_ml\data\raw\deepfake_merged_dataset\val\real\val_real_cdfv2_real_000297725.jpg,1,
val,real,d:\deepfake_noise_wavelet_ml\data\raw\deepfake_merged_dataset\val\real\val_real_dri_real_000312337.jpg,1,
val,real,d:\deepfake_noise_wavelet_ml\data\raw\deepfake_merged_dataset\val\real\val_real_dri_real_000309665.jpg,1,
val,real,d:\deepfake_noise_wavelet_ml\data\raw\deepfake_merged_dataset\val\real\val_real_cdfv2_real_000299320.jpg,1,
val,real,d:\deepfake_noise_wavelet_ml\data\raw\deepfake_merged_dataset\val\real\val_real_dri_real_000305247.jpg,1,
val,real,d:\deepfake_noise_wavelet_ml\data\raw\deepfake_merged_dataset\val\real\val_real_dri_real_000302570.jpg,1,
val,real,d:\deepfake_noise_wavelet_ml\data\raw\deepfake_merged_dataset\val\real\val_real_dri_real_000302504.jpg,1,
val,real,d:\deepfake_noise_wavelet_ml\data\raw\deepfake_merged_dataset\val\real\val_real_dri_real_000318220.jpg,1,
val,real,d:\deepfake_noise_wavelet_ml\data\raw\deepfake_merged_dataset\val\real\val_real_dri_real_000314001.jpg,1,
val,real,d:\deepfake_noise_wavelet_ml\data\raw\deepfake_merged_dataset\val\real\val_real_cdfv2_real_000300333.jpg,1,
val,real,d:\deepfake_noise_wavelet_ml\data\raw\deepfake_merged_dataset\val\real\val_real_dri_real_000312985.jpg,1,
val,real,d:\deepfake_noise_wavelet_ml\data\raw\deepfake_merged_dataset\val\real\val_real_dri_real_000302174.jpg,1,
val,fake,d:\deepfake_noise_wavelet_ml\data\raw\deepfake_merged_dataset\val\fake\val_fake_dri_fake_000276430.jpg,1,
val,fake,d:\deepfake_noise_wavelet_ml\data\raw\deepfake_merged_dataset\val\fake\val_fake_dri_fake_000282462.jpg,1,
val,fake,d:\deepfake_noise_wavelet_ml\data\raw\deepfake_merged_dataset\val\fake\val_fake_dri_fake_000275488.jpg,1,
val,fake,d:\deepfake_noise_wavelet_ml\data\raw\deepfake_merged_dataset\val\fake\val_fake_cdfv2_fake_000269772.jpg,1,
val,fake,d:\deepfake_noise_wavelet_ml\data\raw\deepfake_merged_dataset\val\fake\val_fake_dri_fake_000281823.jpg,1,
val,fake,d:\deepfake_noise_wavelet_ml\data\raw\deepfake_merged_dataset\val\fake\val_fake_ffpp_faceshifter_000293780.jpg,1,
val,fake,d:\deepfake_noise_wavelet_ml\data\raw\deepfake_merged_dataset\val\fake\val_fake_ffpp_neuraltextures_000295527.jpg,1,
val,fake,d:\deepfake_noise_wavelet_ml\data\raw\deepfake_merged_dataset\val\fake\val_fake_ffpp_neuraltextures_000295351.jpg,1,
val,fake,d:\deepfake_noise_wavelet_ml\data\raw\deepfake_merged_dataset\val\fake\val_fake_dri_fake_000285336.jpg,1,
val,fake,d:\deepfake_noise_wavelet_ml\data\raw\deepfake_merged_dataset\val\fake\val_fake_cdfv2_fake_000270510.jpg,1,
val,fake,d:\deepfake_noise_wavelet_ml\data\raw\deepfake_merged_dataset\val\fake\val_fake_cdfv2_fake_000268959.jpg,1,
val,fake,d:\deepfake_noise_wavelet_ml\data\raw\deepfake_merged_dataset\val\fake\val_fake_dri_fake_000288672.jpg,1,
val,fake,d:\deepfake_noise_wavelet_ml\data\raw\deepfake_merged_dataset\val\fake\val_fake_dri_fake_000285016.jpg,1,
val,fake,d:\deepfake_noise_wavelet_ml\data\raw\deepfake_merged_dataset\val\fake\val_fake_ffpp_faceswap_000294697.jpg,1,
val,fake,d:\deepfake_noise_wavelet_ml\data\raw\deepfake_merged_dataset\val\fake\val_fake_cdfv2_fake_000267785.jpg,1,
val,fake,d:\deepfake_noise_wavelet_ml\data\raw\deepfake_merged_dataset\val\fake\val_fake_cdfv2_fake_000270358.jpg,1,
val,fake,d:\deepfake_noise_wavelet_ml\data\raw\deepfake_merged_dataset\val\fake\val_fake_dri_fake_000291995.jpg,1,
val,fake,d:\deepfake_noise_wavelet_ml\data\raw\deepfake_merged_dataset\val\fake\val_fake_ffpp_neuraltextures_000295113.jpg,1,
val,fake,d:\deepfake_noise_wavelet_ml\data\raw\deepfake_merged_dataset\val\fake\val_fake_dri_fake_000275048.jpg,1,
val,fake,d:\deepfake_noise_wavelet_ml\data\raw\deepfake_merged_dataset\val\fake\val_fake_dri_fake_000272752.jpg,1,
val,fake,d:\deepfake_noise_wavelet_ml\data\raw\deepfake_merged_dataset\val\fake\val_fake_dri_fake_000280620.jpg,1,
val,fake,d:\deepfake_noise_wavelet_ml\data\raw\deepfake_merged_dataset\val\fake\val_fake_dri_fake_000283216.jpg,1,
val,fake,d:\deepfake_noise_wavelet_ml\data\raw\deepfake_merged_dataset\val\fake\val_fake_dri_fake_000283076.jpg,1,
val,fake,d:\deepfake_noise_wavelet_ml\data\raw\deepfake_merged_dataset\val\fake\val_fake_dri_fake_000274307.jpg,1,
val,fake,d:\deepfake_noise_wavelet_ml\data\raw\deepfake_merged_dataset\val\fake\val_fake_ffpp_neuraltextures_000295635.jpg,1,
val,fake,d:\deepfake_noise_wavelet_ml\data\raw\deepfake_merged_dataset\val\fake\val_fake_dri_fake_000280444.jpg,1,
val,fake,d:\deepfake_noise_wavelet_ml\data\raw\deepfake_merged_dataset\val\fake\val_fake_cdfv2_fake_000269223.jpg,1,
val,fake,d:\deepfake_noise_wavelet_ml\data\raw\deepfake_merged_dataset\val\fake\val_fake_dri_fake_000272697.jpg,1,
val,fake,d:\deepfake_noise_wavelet_ml\data\raw\deepfake_merged_dataset\val\fake\val_fake_dri_fake_000279721.jpg,1,
val,fake,d:\deepfake_noise_wavelet_ml\data\raw\deepfake_merged_dataset\val\fake\val_fake_cdfv2_fake_000267371.jpg,1,
val,fake,d:\deepfake_noise_wavelet_ml\data\raw\deepfake_merged_dataset\val\fake\val_fake_dri_fake_000280096.jpg,1,
val,fake,d:\deepfake_noise_wavelet_ml\data\raw\deepfake_merged_dataset\val\fake\val_fake_dri_fake_000275993.jpg,1,
val,fake,d:\deepfake_noise_wavelet_ml\data\raw\deepfake_merged_dataset\val\fake\val_fake_ffpp_face2face_000292995.jpg,1,
val,fake,d:\deepfake_noise_wavelet_ml\data\raw\deepfake_merged_dataset\val\fake\val_fake_ffpp_face2face_000293030.jpg,1,
val,fake,d:\deepfake_noise_wavelet_ml\data\raw\deepfake_merged_dataset\val\fake\val_fake_dri_fake_000282212.jpg,1,
val,fake,d:\deepfake_noise_wavelet_ml\data\raw\deepfake_merged_dataset\val\fake\val_fake_dri_fake_000276650.jpg,1,
val,fake,d:\deepfake_noise_wavelet_ml\data\raw\deepfake_merged_dataset\val\fake\val_fake_dri_fake_000281164.jpg,1,
val,fake,d:\deepfake_noise_wavelet_ml\data\raw\deepfake_merged_dataset\val\fake\val_fake_dri_fake_000290128.jpg,1,
val,fake,d:\deepfake_noise_wavelet_ml\data\raw\deepfake_merged_dataset\val\fake\val_fake_dri_fake_000291240.jpg,1,
val,fake,d:\deepfake_noise_wavelet_ml\data\raw\deepfake_merged_dataset\val\fake\val_fake_ffpp_face2face_000292972.jpg,1,
val,fake,d:\deepfake_noise_wavelet_ml\data\raw\deepfake_merged_dataset\val\fake\val_fake_dri_fake_000285514.jpg,1,
val,fake,d:\deepfake_noise_wavelet_ml\data\raw\deepfake_merged_dataset\val\fake\val_fake_dri_fake_000288991.jpg,1,
val,fake,d:\deepfake_noise_wavelet_ml\data\raw\deepfake_merged_dataset\val\fake\val_fake_dri_fake_000290843.jpg,1,
val,fake,d:\deepfake_noise_wavelet_ml\data\raw\deepfake_merged_dataset\val\fake\val_fake_dri_fake_000283250.jpg,1,
val,fake,d:\deepfake_noise_wavelet_ml\data\raw\deepfake_merged_dataset\val\fake\val_fake_dri_fake_000272375.jpg,1,
val,fake,d:\deepfake_noise_wavelet_ml\data\raw\deepfake_merged_dataset\val\fake\val_fake_dri_fake_000273525.jpg,1,
val,fake,d:\deepfake_noise_wavelet_ml\data\raw\deepfake_merged_dataset\val\fake\val_fake_dri_fake_000277025.jpg,1,
val,fake,d:\deepfake_noise_wavelet_ml\data\raw\deepfake_merged_dataset\val\fake\val_fake_dri_fake_000274436.jpg,1,
val,fake,d:\deepfake_noise_wavelet_ml\data\raw\deepfake_merged_dataset\val\fake\val_fake_cdfv2_fake_000269218.jpg,1,
val,fake,d:\deepfake_noise_wavelet_ml\data\raw\deepfake_merged_dataset\val\fake\val_fake_dri_fake_000286281.jpg,1,
val,fake,d:\deepfake_noise_wavelet_ml\data\raw\deepfake_merged_dataset\val\fake\val_fake_dri_fake_000291411.jpg,1,
val,fake,d:\deepfake_noise_wavelet_ml\data\raw\deepfake_merged_dataset\val\fake\val_fake_dri_fake_000285069.jpg,1,
val,fake,d:\deepfake_noise_wavelet_ml\data\raw\deepfake_merged_dataset\val\fake\val_fake_cdfv2_fake_000269299.jpg,1,
val,fake,d:\deepfake_noise_wavelet_ml\data\raw\deepfake_merged_dataset\val\fake\val_fake_dri_fake_000291812.jpg,1,
val,fake,d:\deepfake_noise_wavelet_ml\data\raw\deepfake_merged_dataset\val\fake\val_fake_dri_fake_000277579.jpg,1,
val,fake,d:\deepfake_noise_wavelet_ml\data\raw\deepfake_merged_dataset\val\fake\val_fake_cdfv2_fake_000269175.jpg,1,
val,fake,d:\deepfake_noise_wavelet_ml\data\raw\deepfake_merged_dataset\val\fake\val_fake_cdfv2_fake_000268945.jpg,1,
val,fake,d:\deepfake_noise_wavelet_ml\data\raw\deepfake_merged_dataset\val\fake\val_fake_dri_fake_000286445.jpg,1,
val,fake,d:\deepfake_noise_wavelet_ml\data\raw\deepfake_merged_dataset\val\fake\val_fake_dri_fake_000282926.jpg,1,
val,fake,d:\deepfake_noise_wavelet_ml\data\raw\deepfake_merged_dataset\val\fake\val_fake_dri_fake_000283780.jpg,1,
val,fake,d:\deepfake_noise_wavelet_ml\data\raw\deepfake_merged_dataset\val\fake\val_fake_ffpp_neuraltextures_000295244.jpg,1,
val,fake,d:\deepfake_noise_wavelet_ml\data\raw\deepfake_merged_dataset\val\fake\val_fake_dri_fake_000284706.jpg,1,
val,fake,d:\deepfake_noise_wavelet_ml\data\raw\deepfake_merged_dataset\val\fake\val_fake_dri_fake_000272461.jpg,1,
val,fake,d:\deepfake_noise_wavelet_ml\data\raw\deepfake_merged_dataset\val\fake\val_fake_cdfv2_fake_000269165.jpg,1,
val,fake,d:\deepfake_noise_wavelet_ml\data\raw\deepfake_merged_dataset\val\fake\val_fake_dri_fake_000283943.jpg,1,
val,fake,d:\deepfake_noise_wavelet_ml\data\raw\deepfake_merged_dataset\val\fake\val_fake_cdfv2_fake_000269927.jpg,1,
val,fake,d:\deepfake_noise_wavelet_ml\data\raw\deepfake_merged_dataset\val\fake\val_fake_ffpp_neuraltextures_000295199.jpg,1,
val,fake,d:\deepfake_noise_wavelet_ml\data\raw\deepfake_merged_dataset\val\fake\val_fake_dri_fake_000273392.jpg,1,
val,fake,d:\deepfake_noise_wavelet_ml\data\raw\deepfake_merged_dataset\val\fake\val_fake_cdfv2_fake_000269547.jpg,1,
val,fake,d:\deepfake_noise_wavelet_ml\data\raw\deepfake_merged_dataset\val\fake\val_fake_dri_fake_000286801.jpg,1,
val,fake,d:\deepfake_noise_wavelet_ml\data\raw\deepfake_merged_dataset\val\fake\val_fake_cdfv2_fake_000269528.jpg,1,
val,fake,d:\deepfake_noise_wavelet_ml\data\raw\deepfake_merged_dataset\val\fake\val_fake_dri_fake_000289428.jpg,1,
val,fake,d:\deepfake_noise_wavelet_ml\data\raw\deepfake_merged_dataset\val\fake\val_fake_ffpp_neuraltextures_000295543.jpg,1,
val,fake,d:\deepfake_noise_wavelet_ml\data\raw\deepfake_merged_dataset\val\fake\val_fake_dri_fake_000275010.jpg,1,
val,fake,d:\deepfake_noise_wavelet_ml\data\raw\deepfake_merged_dataset\val\fake\val_fake_dri_fake_000280533.jpg,1,
val,fake,d:\deepfake_noise_wavelet_ml\data\raw\deepfake_merged_dataset\val\fake\val_fake_cdfv2_fake_000271231.jpg,1,
val,fake,d:\deepfake_noise_wavelet_ml\data\raw\deepfake_merged_dataset\val\fake\val_fake_dri_fake_000285970.jpg,1,
val,fake,d:\deepfake_noise_wavelet_ml\data\raw\deepfake_merged_dataset\val\fake\val_fake_dri_fake_000275370.jpg,1,
val,fake,d:\deepfake_noise_wavelet_ml\data\raw\deepfake_merged_dataset\val\fake\val_fake_dri_fake_000286273.jpg,1,
val,fake,d:\deepfake_noise_wavelet_ml\data\raw\deepfake_merged_dataset\val\fake\val_fake_dri_fake_000286784.jpg,1,
val,fake,d:\deepfake_noise_wavelet_ml\data\raw\deepfake_merged_dataset\val\fake\val_fake_cdfv2_fake_000268604.jpg,1,
val,fake,d:\deepfake_noise_wavelet_ml\data\raw\deepfake_merged_dataset\val\fake\val_fake_dri_fake_000287598.jpg,1,
val,fake,d:\deepfake_noise_wavelet_ml\data\raw\deepfake_merged_dataset\val\fake\val_fake_cdfv2_fake_000269988.jpg,1,
val,fake,d:\deepfake_noise_wavelet_ml\data\raw\deepfake_merged_dataset\val\fake\val_fake_dri_fake_000281040.jpg,1,
val,fake,d:\deepfake_noise_wavelet_ml\data\raw\deepfake_merged_dataset\val\fake\val_fake_dri_fake_000288843.jpg,1,
val,fake,d:\deepfake_noise_wavelet_ml\data\raw\deepfake_merged_dataset\val\fake\val_fake_dri_fake_000286428.jpg,1,
val,fake,d:\deepfake_noise_wavelet_ml\data\raw\deepfake_merged_dataset\val\fake\val_fake_dri_fake_000285824.jpg,1,
val,fake,d:\deepfake_noise_wavelet_ml\data\raw\deepfake_merged_dataset\val\fake\val_fake_dri_fake_000284433.jpg,1,
val,fake,d:\deepfake_noise_wavelet_ml\data\raw\deepfake_merged_dataset\val\fake\val_fake_dri_fake_000277669.jpg,1,
val,fake,d:\deepfake_noise_wavelet_ml\data\raw\deepfake_merged_dataset\val\fake\val_fake_dri_fake_000275847.jpg,1,
val,fake,d:\deepfake_noise_wavelet_ml\data\raw\deepfake_merged_dataset\val\fake\val_fake_dri_fake_000273996.jpg,1,
val,fake,d:\deepfake_noise_wavelet_ml\data\raw\deepfake_merged_dataset\val\fake\val_fake_dri_fake_000289248.jpg,1,
val,fake,d:\deepfake_noise_wavelet_ml\data\raw\deepfake_merged_dataset\val\fake\val_fake_dri_fake_000290771.jpg,1,
val,fake,d:\deepfake_noise_wavelet_ml\data\raw\deepfake_merged_dataset\val\fake\val_fake_dri_fake_000277598.jpg,1,
val,fake,d:\deepfake_noise_wavelet_ml\data\raw\deepfake_merged_dataset\val\fake\val_fake_dri_fake_000275124.jpg,1,
val,fake,d:\deepfake_noise_wavelet_ml\data\raw\deepfake_merged_dataset\val\fake\val_fake_dri_fake_000276006.jpg,1,
val,fake,d:\deepfake_noise_wavelet_ml\data\raw\deepfake_merged_dataset\val\fake\val_fake_dri_fake_000280272.jpg,1,
val,fake,d:\deepfake_noise_wavelet_ml\data\raw\deepfake_merged_dataset\val\fake\val_fake_cdfv2_fake_000271591.jpg,1,
val,fake,d:\deepfake_noise_wavelet_ml\data\raw\deepfake_merged_dataset\val\fake\val_fake_dri_fake_000289312.jpg,1,
val,fake,d:\deepfake_noise_wavelet_ml\data\raw\deepfake_merged_dataset\val\fake\val_fake_dri_fake_000288454.jpg,1,
test,real,d:\deepfake_noise_wavelet_ml\data\raw\deepfake_merged_dataset\test\real\test_real_cdfv2_real_000019221.jpg,1,
test,real,d:\deepfake_noise_wavelet_ml\data\raw\deepfake_merged_dataset\test\real\test_real_dri_real_000021797.jpg,1,
test,real,d:\deepfake_noise_wavelet_ml\data\raw\deepfake_merged_dataset\test\real\test_real_dri_real_000019486.jpg,1,
test,real,d:\deepfake_noise_wavelet_ml\data\raw\deepfake_merged_dataset\test\real\test_real_cdfv2_real_000015494.jpg,1,
test,real,d:\deepfake_noise_wavelet_ml\data\raw\deepfake_merged_dataset\test\real\test_real_cdfv2_real_000014458.jpg,1,
test,real,d:\deepfake_noise_wavelet_ml\data\raw\deepfake_merged_dataset\test\real\test_real_dri_real_000021814.jpg,1,
test,real,d:\deepfake_noise_wavelet_ml\data\raw\deepfake_merged_dataset\test\real\test_real_dri_real_000024483.jpg,1,
test,real,d:\deepfake_noise_wavelet_ml\data\raw\deepfake_merged_dataset\test\real\test_real_dri_real_000023530.jpg,1,
test,real,d:\deepfake_noise_wavelet_ml\data\raw\deepfake_merged_dataset\test\real\test_real_cdfv2_real_000015944.jpg,1,
test,real,d:\deepfake_noise_wavelet_ml\data\raw\deepfake_merged_dataset\test\real\test_real_cdfv2_real_000015506.jpg,1,
test,real,d:\deepfake_noise_wavelet_ml\data\raw\deepfake_merged_dataset\test\real\test_real_dri_real_000023114.jpg,1,
test,real,d:\deepfake_noise_wavelet_ml\data\raw\deepfake_merged_dataset\test\real\test_real_cdfv2_real_000017798.jpg,1,
test,real,d:\deepfake_noise_wavelet_ml\data\raw\deepfake_merged_dataset\test\real\test_real_dri_real_000022594.jpg,1,
test,real,d:\deepfake_noise_wavelet_ml\data\raw\deepfake_merged_dataset\test\real\test_real_cdfv2_real_000018651.jpg,1,
test,real,d:\deepfake_noise_wavelet_ml\data\raw\deepfake_merged_dataset\test\real\test_real_cdfv2_real_000016476.jpg,1,
test,real,d:\deepfake_noise_wavelet_ml\data\raw\deepfake_merged_dataset\test\real\test_real_dri_real_000020024.jpg,1,
test,real,d:\deepfake_noise_wavelet_ml\data\raw\deepfake_merged_dataset\test\real\test_real_cdfv2_real_000015433.jpg,1,
test,real,d:\deepfake_noise_wavelet_ml\data\raw\deepfake_merged_dataset\test\real\test_real_cdfv2_real_000018308.jpg,1,
test,real,d:\deepfake_noise_wavelet_ml\data\raw\deepfake_merged_dataset\test\real\test_real_dri_real_000020360.jpg,1,
test,real,d:\deepfake_noise_wavelet_ml\data\raw\deepfake_merged_dataset\test\real\test_real_cdfv2_real_000018975.jpg,1,
test,real,d:\deepfake_noise_wavelet_ml\data\raw\deepfake_merged_dataset\test\real\test_real_cdfv2_real_000016890.jpg,1,
test,real,d:\deepfake_noise_wavelet_ml\data\raw\deepfake_merged_dataset\test\real\test_real_dri_real_000021485.jpg,1,
test,real,d:\deepfake_noise_wavelet_ml\data\raw\deepfake_merged_dataset\test\real\test_real_dri_real_000023206.jpg,1,
test,real,d:\deepfake_noise_wavelet_ml\data\raw\deepfake_merged_dataset\test\real\test_real_cdfv2_real_000019262.jpg,1,
test,real,d:\deepfake_noise_wavelet_ml\data\raw\deepfake_merged_dataset\test\real\test_real_dri_real_000024327.jpg,1,
test,real,d:\deepfake_noise_wavelet_ml\data\raw\deepfake_merged_dataset\test\real\test_real_ffpp_original_000025020.jpg,1,
test,real,d:\deepfake_noise_wavelet_ml\data\raw\deepfake_merged_dataset\test\real\test_real_dri_real_000022972.jpg,1,
test,real,d:\deepfake_noise_wavelet_ml\data\raw\deepfake_merged_dataset\test\real\test_real_cdfv2_real_000014434.jpg,1,
test,real,d:\deepfake_noise_wavelet_ml\data\raw\deepfake_merged_dataset\test\real\test_real_ffpp_original_000025248.jpg,1,
test,real,d:\deepfake_noise_wavelet_ml\data\raw\deepfake_merged_dataset\test\real\test_real_dri_real_000023392.jpg,1,
test,real,d:\deepfake_noise_wavelet_ml\data\raw\deepfake_merged_dataset\test\real\test_real_cdfv2_real_000019211.jpg,1,
test,real,d:\deepfake_noise_wavelet_ml\data\raw\deepfake_merged_dataset\test\real\test_real_ffpp_original_000025174.jpg,1,
test,real,d:\deepfake_noise_wavelet_ml\data\raw\deepfake_merged_dataset\test\real\test_real_cdfv2_real_000016003.jpg,1,
test,real,d:\deepfake_noise_wavelet_ml\data\raw\deepfake_merged_dataset\test\real\test_real_cdfv2_real_000016506.jpg,1,
test,real,d:\deepfake_noise_wavelet_ml\data\raw\deepfake_merged_dataset\test\real\test_real_cdfv2_real_000018639.jpg,1,
test,real,d:\deepfake_noise_wavelet_ml\data\raw\deepfake_merged_dataset\test\real\test_real_cdfv2_real_000016197.jpg,1,
test,real,d:\deepfake_noise_wavelet_ml\data\raw\deepfake_merged_dataset\test\real\test_real_cdfv2_real_000016059.jpg,1,
test,real,d:\deepfake_noise_wavelet_ml\data\raw\deepfake_merged_dataset\test\real\test_real_dri_real_000023370.jpg,1,
test,real,d:\deepfake_noise_wavelet_ml\data\raw\deepfake_merged_dataset\test\real\test_real_cdfv2_real_000016852.jpg,1,
test,real,d:\deepfake_noise_wavelet_ml\data\raw\deepfake_merged_dataset\test\real\test_real_cdfv2_real_000018768.jpg,1,
test,real,d:\deepfake_noise_wavelet_ml\data\raw\deepfake_merged_dataset\test\real\test_real_cdfv2_real_000018922.jpg,1,
test,real,d:\deepfake_noise_wavelet_ml\data\raw\deepfake_merged_dataset\test\real\test_real_dri_real_000024215.jpg,1,
test,real,d:\deepfake_noise_wavelet_ml\data\raw\deepfake_merged_dataset\test\real\test_real_cdfv2_real_000017756.jpg,1,
test,real,d:\deepfake_noise_wavelet_ml\data\raw\deepfake_merged_dataset\test\real\test_real_dri_real_000019923.jpg,1,
test,real,d:\deepfake_noise_wavelet_ml\data\raw\deepfake_merged_dataset\test\real\test_real_cdfv2_real_000017641.jpg,1,
test,real,d:\deepfake_noise_wavelet_ml\data\raw\deepfake_merged_dataset\test\real\test_real_dri_real_000024697.jpg,1,
test,real,d:\deepfake_noise_wavelet_ml\data\raw\deepfake_merged_dataset\test\real\test_real_cdfv2_real_000018631.jpg,1,
test,real,d:\deepfake_noise_wavelet_ml\data\raw\deepfake_merged_dataset\test\real\test_real_dri_real_000022586.jpg,1,
test,real,d:\deepfake_noise_wavelet_ml\data\raw\deepfake_merged_dataset\test\real\test_real_dri_real_000022310.jpg,1,
test,real,d:\deepfake_noise_wavelet_ml\data\raw\deepfake_merged_dataset\test\real\test_real_cdfv2_real_000018420.jpg,1,
test,real,d:\deepfake_noise_wavelet_ml\data\raw\deepfake_merged_dataset\test\real\test_real_cdfv2_real_000015138.jpg,1,
test,real,d:\deepfake_noise_wavelet_ml\data\raw\deepfake_merged_dataset\test\real\test_real_cdfv2_real_000015818.jpg,1,
test,real,d:\deepfake_noise_wavelet_ml\data\raw\deepfake_merged_dataset\test\real\test_real_dri_real_000024698.jpg,1,
test,real,d:\deepfake_noise_wavelet_ml\data\raw\deepfake_merged_dataset\test\real\test_real_dri_real_000021245.jpg,1,
test,real,d:\deepfake_noise_wavelet_ml\data\raw\deepfake_merged_dataset\test\real\test_real_cdfv2_real_000018839.jpg,1,
test,real,d:\deepfake_noise_wavelet_ml\data\raw\deepfake_merged_dataset\test\real\test_real_cdfv2_real_000015028.jpg,1,
test,real,d:\deepfake_noise_wavelet_ml\data\raw\deepfake_merged_dataset\test\real\test_real_cdfv2_real_000014364.jpg,1,
test,real,d:\deepfake_noise_wavelet_ml\data\raw\deepfake_merged_dataset\test\real\test_real_dri_real_000019770.jpg,1,
test,real,d:\deepfake_noise_wavelet_ml\data\raw\deepfake_merged_dataset\test\real\test_real_cdfv2_real_000016449.jpg,1,
test,real,d:\deepfake_noise_wavelet_ml\data\raw\deepfake_merged_dataset\test\real\test_real_dri_real_000024744.jpg,1,
test,real,d:\deepfake_noise_wavelet_ml\data\raw\deepfake_merged_dataset\test\real\test_real_cdfv2_real_000018597.jpg,1,
test,real,d:\deepfake_noise_wavelet_ml\data\raw\deepfake_merged_dataset\test\real\test_real_cdfv2_real_000016953.jpg,1,
test,real,d:\deepfake_noise_wavelet_ml\data\raw\deepfake_merged_dataset\test\real\test_real_dri_real_000021545.jpg,1,
test,real,d:\deepfake_noise_wavelet_ml\data\raw\deepfake_merged_dataset\test\real\test_real_dri_real_000023344.jpg,1,
test,real,d:\deepfake_noise_wavelet_ml\data\raw\deepfake_merged_dataset\test\real\test_real_dri_real_000021313.jpg,1,
test,real,d:\deepfake_noise_wavelet_ml\data\raw\deepfake_merged_dataset\test\real\test_real_dri_real_000023495.jpg,1,
test,real,d:\deepfake_noise_wavelet_ml\data\raw\deepfake_merged_dataset\test\real\test_real_cdfv2_real_000014464.jpg,1,
test,real,d:\deepfake_noise_wavelet_ml\data\raw\deepfake_merged_dataset\test\real\test_real_cdfv2_real_000016138.jpg,1,
test,real,d:\deepfake_noise_wavelet_ml\data\raw\deepfake_merged_dataset\test\real\test_real_cdfv2_real_000015538.jpg,1,
test,real,d:\deepfake_noise_wavelet_ml\data\raw\deepfake_merged_dataset\test\real\test_real_cdfv2_real_000016748.jpg,1,
test,real,d:\deepfake_noise_wavelet_ml\data\raw\deepfake_merged_dataset\test\real\test_real_dri_real_000023244.jpg,1,
test,real,d:\deepfake_noise_wavelet_ml\data\raw\deepfake_merged_dataset\test\real\test_real_cdfv2_real_000014896.jpg,1,
test,real,d:\deepfake_noise_wavelet_ml\data\raw\deepfake_merged_dataset\test\real\test_real_dri_real_000020355.jpg,1,
test,real,d:\deepfake_noise_wavelet_ml\data\raw\deepfake_merged_dataset\test\real\test_real_dri_real_000023849.jpg,1,
test,real,d:\deepfake_noise_wavelet_ml\data\raw\deepfake_merged_dataset\test\real\test_real_dri_real_000023358.jpg,1,
test,real,d:\deepfake_noise_wavelet_ml\data\raw\deepfake_merged_dataset\test\real\test_real_cdfv2_real_000016732.jpg,1,
test,real,d:\deepfake_noise_wavelet_ml\data\raw\deepfake_merged_dataset\test\real\test_real_dri_real_000021347.jpg,1,
test,real,d:\deepfake_noise_wavelet_ml\data\raw\deepfake_merged_dataset\test\real\test_real_cdfv2_real_000016394.jpg,1,
test,real,d:\deepfake_noise_wavelet_ml\data\raw\deepfake_merged_dataset\test\real\test_real_cdfv2_real_000014991.jpg,1,
test,real,d:\deepfake_noise_wavelet_ml\data\raw\deepfake_merged_dataset\test\real\test_real_dri_real_000019356.jpg,1,
test,real,d:\deepfake_noise_wavelet_ml\data\raw\deepfake_merged_dataset\test\real\test_real_dri_real_000020280.jpg,1,
test,real,d:\deepfake_noise_wavelet_ml\data\raw\deepfake_merged_dataset\test\real\test_real_cdfv2_real_000014959.jpg,1,
test,real,d:\deepfake_noise_wavelet_ml\data\raw\deepfake_merged_dataset\test\real\test_real_dri_real_000020168.jpg,1,
test,real,d:\deepfake_noise_wavelet_ml\data\raw\deepfake_merged_dataset\test\real\test_real_cdfv2_real_000017747.jpg,1,
test,real,d:\deepfake_noise_wavelet_ml\data\raw\deepfake_merged_dataset\test\real\test_real_ffpp_original_000025480.jpg,1,
test,real,d:\deepfake_noise_wavelet_ml\data\raw\deepfake_merged_dataset\test\real\test_real_cdfv2_real_000018394.jpg,1,
test,real,d:\deepfake_noise_wavelet_ml\data\raw\deepfake_merged_dataset\test\real\test_real_ffpp_original_000025233.jpg,1,
test,real,d:\deepfake_noise_wavelet_ml\data\raw\deepfake_merged_dataset\test\real\test_real_cdfv2_real_000015990.jpg,1,
test,real,d:\deepfake_noise_wavelet_ml\data\raw\deepfake_merged_dataset\test\real\test_real_dri_real_000020100.jpg,1,
test,real,d:\deepfake_noise_wavelet_ml\data\raw\deepfake_merged_dataset\test\real\test_real_dri_real_000023479.jpg,1,
test,real,d:\deepfake_noise_wavelet_ml\data\raw\deepfake_merged_dataset\test\real\test_real_dri_real_000020964.jpg,1,
test,real,d:\deepfake_noise_wavelet_ml\data\raw\deepfake_merged_dataset\test\real\test_real_dri_real_000024474.jpg,1,
test,real,d:\deepfake_noise_wavelet_ml\data\raw\deepfake_merged_dataset\test\real\test_real_cdfv2_real_000016838.jpg,1,
test,real,d:\deepfake_noise_wavelet_ml\data\raw\deepfake_merged_dataset\test\real\test_real_cdfv2_real_000018184.jpg,1,
test,real,d:\deepfake_noise_wavelet_ml\data\raw\deepfake_merged_dataset\test\real\test_real_cdfv2_real_000016968.jpg,1,
test,real,d:\deepfake_noise_wavelet_ml\data\raw\deepfake_merged_dataset\test\real\test_real_cdfv2_real_000017206.jpg,1,
test,real,d:\deepfake_noise_wavelet_ml\data\raw\deepfake_merged_dataset\test\real\test_real_dri_real_000021061.jpg,1,
test,real,d:\deepfake_noise_wavelet_ml\data\raw\deepfake_merged_dataset\test\real\test_real_cdfv2_real_000014712.jpg,1,
test,real,d:\deepfake_noise_wavelet_ml\data\raw\deepfake_merged_dataset\test\real\test_real_cdfv2_real_000017244.jpg,1,
test,real,d:\deepfake_noise_wavelet_ml\data\raw\deepfake_merged_dataset\test\real\test_real_dri_real_000019748.jpg,1,
test,fake,d:\deepfake_noise_wavelet_ml\data\raw\deepfake_merged_dataset\test\fake\test_fake_ffpp_faceswap_000012819.jpg,1,
test,fake,d:\deepfake_noise_wavelet_ml\data\raw\deepfake_merged_dataset\test\fake\test_fake_dri_fake_000006746.jpg,1,
test,fake,d:\deepfake_noise_wavelet_ml\data\raw\deepfake_merged_dataset\test\fake\test_fake_ffpp_faceswap_000013144.jpg,1,
test,fake,d:\deepfake_noise_wavelet_ml\data\raw\deepfake_merged_dataset\test\fake\test_fake_ffpp_deepfakes_000010976.jpg,1,
test,fake,d:\deepfake_noise_wavelet_ml\data\raw\deepfake_merged_dataset\test\fake\test_fake_ffpp_neuraltextures_000014157.jpg,1,
test,fake,d:\deepfake_noise_wavelet_ml\data\raw\deepfake_merged_dataset\test\fake\test_fake_ffpp_face2face_000012044.jpg,1,
test,fake,d:\deepfake_noise_wavelet_ml\data\raw\deepfake_merged_dataset\test\fake\test_fake_ffpp_faceswap_000013284.jpg,1,
test,fake,d:\deepfake_noise_wavelet_ml\data\raw\deepfake_merged_dataset\test\fake\test_fake_cdfv2_fake_000004066.jpg,1,
test,fake,d:\deepfake_noise_wavelet_ml\data\raw\deepfake_merged_dataset\test\fake\test_fake_cdfv2_fake_000004372.jpg,1,
test,fake,d:\deepfake_noise_wavelet_ml\data\raw\deepfake_merged_dataset\test\fake\test_fake_cdfv2_fake_000002609.jpg,1,
test,fake,d:\deepfake_noise_wavelet_ml\data\raw\deepfake_merged_dataset\test\fake\test_fake_ffpp_faceswap_000012901.jpg,1,
test,fake,d:\deepfake_noise_wavelet_ml\data\raw\deepfake_merged_dataset\test\fake\test_fake_ffpp_face2face_000011490.jpg,1,
test,fake,d:\deepfake_noise_wavelet_ml\data\raw\deepfake_merged_dataset\test\fake\test_fake_cdfv2_fake_000001772.jpg,1,
test,fake,d:\deepfake_noise_wavelet_ml\data\raw\deepfake_merged_dataset\test\fake\test_fake_dri_fake_000006268.jpg,1,
test,fake,d:\deepfake_noise_wavelet_ml\data\raw\deepfake_merged_dataset\test\fake\test_fake_ffpp_neuraltextures_000014290.jpg,1,
test,fake,d:\deepfake_noise_wavelet_ml\data\raw\deepfake_merged_dataset\test\fake\test_fake_cdfv2_fake_000000635.jpg,1,
test,fake,d:\deepfake_noise_wavelet_ml\data\raw\deepfake_merged_dataset\test\fake\test_fake_ffpp_neuraltextures_000014068.jpg,1,
test,fake,d:\deepfake_noise_wavelet_ml\data\raw\deepfake_merged_dataset\test\fake\test_fake_dri_fake_000007712.jpg,1,
test,fake,d:\deepfake_noise_wavelet_ml\data\raw\deepfake_merged_dataset\test\fake\test_fake_cdfv2_fake_000003645.jpg,1,
test,fake,d:\deepfake_noise_wavelet_ml\data\raw\deepfake_merged_dataset\test\fake\test_fake_cdfv2_fake_000003270.jpg,1,
test,fake,d:\deepfake_noise_wavelet_ml\data\raw\deepfake_merged_dataset\test\fake\test_fake_ffpp_faceswap_000013379.jpg,1,
test,fake,d:\deepfake_noise_wavelet_ml\data\raw\deepfake_merged_dataset\test\fake\test_fake_dri_fake_000007542.jpg,1,
test,fake,d:\deepfake_noise_wavelet_ml\data\raw\deepfake_merged_dataset\test\fake\test_fake_dri_fake_000005729.jpg,1,
test,fake,d:\deepfake_noise_wavelet_ml\data\raw\deepfake_merged_dataset\test\fake\test_fake_cdfv2_fake_000005001.jpg,1,
test,fake,d:\deepfake_noise_wavelet_ml\data\raw\deepfake_merged_dataset\test\fake\test_fake_ffpp_faceswap_000013444.jpg,1,
test,fake,d:\deepfake_noise_wavelet_ml\data\raw\deepfake_merged_dataset\test\fake\test_fake_ffpp_faceswap_000013031.jpg,1,
test,fake,d:\deepfake_noise_wavelet_ml\data\raw\deepfake_merged_dataset\test\fake\test_fake_ffpp_neuraltextures_000014276.jpg,1,
test,fake,d:\deepfake_noise_wavelet_ml\data\raw\deepfake_merged_dataset\test\fake\test_fake_cdfv2_fake_000003729.jpg,1,
test,fake,d:\deepfake_noise_wavelet_ml\data\raw\deepfake_merged_dataset\test\fake\test_fake_cdfv2_fake_000003653.jpg,1,
test,fake,d:\deepfake_noise_wavelet_ml\data\raw\deepfake_merged_dataset\test\fake\test_fake_cdfv2_fake_000000388.jpg,1,
test,fake,d:\deepfake_noise_wavelet_ml\data\raw\deepfake_merged_dataset\test\fake\test_fake_ffpp_deepfakes_000010814.jpg,1,
test,fake,d:\deepfake_noise_wavelet_ml\data\raw\deepfake_merged_dataset\test\fake\test_fake_cdfv2_fake_000003165.jpg,1,
test,fake,d:\deepfake_noise_wavelet_ml\data\raw\deepfake_merged_dataset\test\fake\test_fake_dri_fake_000006529.jpg,1,
test,fake,d:\deepfake_noise_wavelet_ml\data\raw\deepfake_merged_dataset\test\fake\test_fake_dri_fake_000005379.jpg,1,
test,fake,d:\deepfake_noise_wavelet_ml\data\raw\deepfake_merged_dataset\test\fake\test_fake_cdfv2_fake_000004565.jpg,1,
test,fake,d:\deepfake_noise_wavelet_ml\data\raw\deepfake_merged_dataset\test\fake\test_fake_ffpp_neuraltextures_000014162.jpg,1,
test,fake,d:\deepfake_noise_wavelet_ml\data\raw\deepfake_merged_dataset\test\fake\test_fake_cdfv2_fake_000001138.jpg,1,
test,fake,d:\deepfake_noise_wavelet_ml\data\raw\deepfake_merged_dataset\test\fake\test_fake_ffpp_faceshifter_000012671.jpg,1,
test,fake,d:\deepfake_noise_wavelet_ml\data\raw\deepfake_merged_dataset\test\fake\test_fake_cdfv2_fake_000004574.jpg,1,
test,fake,d:\deepfake_noise_wavelet_ml\data\raw\deepfake_merged_dataset\test\fake\test_fake_dri_fake_000005754.jpg,1,
test,fake,d:\deepfake_noise_wavelet_ml\data\raw\deepfake_merged_dataset\test\fake\test_fake_dri_fake_000010511.jpg,1,
test,fake,d:\deepfake_noise_wavelet_ml\data\raw\deepfake_merged_dataset\test\fake\test_fake_dri_fake_000008347.jpg,1,
test,fake,d:\deepfake_noise_wavelet_ml\data\raw\deepfake_merged_dataset\test\fake\test_fake_dri_fake_000006549.jpg,1,
test,fake,d:\deepfake_noise_wavelet_ml\data\raw\deepfake_merged_dataset\test\fake\test_fake_ffpp_deepfakes_000011134.jpg,1,
test,fake,d:\deepfake_noise_wavelet_ml\data\raw\deepfake_merged_dataset\test\fake\test_fake_ffpp_neuraltextures_000013823.jpg,1,
test,fake,d:\deepfake_noise_wavelet_ml\data\raw\deepfake_merged_dataset\test\fake\test_fake_dri_fake_000008786.jpg,1,
test,fake,d:\deepfake_noise_wavelet_ml\data\raw\deepfake_merged_dataset\test\fake\test_fake_dri_fake_000005426.jpg,1,
test,fake,d:\deepfake_noise_wavelet_ml\data\raw\deepfake_merged_dataset\test\fake\test_fake_cdfv2_fake_000000453.jpg,1,
test,fake,d:\deepfake_noise_wavelet_ml\data\raw\deepfake_merged_dataset\test\fake\test_fake_cdfv2_fake_000001890.jpg,1,
test,fake,d:\deepfake_noise_wavelet_ml\data\raw\deepfake_merged_dataset\test\fake\test_fake_cdfv2_fake_000004280.jpg,1,
test,fake,d:\deepfake_noise_wavelet_ml\data\raw\deepfake_merged_dataset\test\fake\test_fake_cdfv2_fake_000002926.jpg,1,
test,fake,d:\deepfake_noise_wavelet_ml\data\raw\deepfake_merged_dataset\test\fake\test_fake_dri_fake_000009513.jpg,1,
test,fake,d:\deepfake_noise_wavelet_ml\data\raw\deepfake_merged_dataset\test\fake\test_fake_cdfv2_fake_000004350.jpg,1,
test,fake,d:\deepfake_noise_wavelet_ml\data\raw\deepfake_merged_dataset\test\fake\test_fake_cdfv2_fake_000000627.jpg,1,
test,fake,d:\deepfake_noise_wavelet_ml\data\raw\deepfake_merged_dataset\test\fake\test_fake_cdfv2_fake_000001777.jpg,1,
test,fake,d:\deepfake_noise_wavelet_ml\data\raw\deepfake_merged_dataset\test\fake\test_fake_dri_fake_000009775.jpg,1,
test,fake,d:\deepfake_noise_wavelet_ml\data\raw\deepfake_merged_dataset\test\fake\test_fake_dri_fake_000007120.jpg,1,
test,fake,d:\deepfake_noise_wavelet_ml\data\raw\deepfake_merged_dataset\test\fake\test_fake_dri_fake_000005664.jpg,1,
test,fake,d:\deepfake_noise_wavelet_ml\data\raw\deepfake_merged_dataset\test\fake\test_fake_ffpp_face2face_000011937.jpg,1,
test,fake,d:\deepfake_noise_wavelet_ml\data\raw\deepfake_merged_dataset\test\fake\test_fake_ffpp_faceswap_000012885.jpg,1,
test,fake,d:\deepfake_noise_wavelet_ml\data\raw\deepfake_merged_dataset\test\fake\test_fake_dri_fake_000005140.jpg,1,
test,fake,d:\deepfake_noise_wavelet_ml\data\raw\deepfake_merged_dataset\test\fake\test_fake_dri_fake_000007150.jpg,1,
test,fake,d:\deepfake_noise_wavelet_ml\data\raw\deepfake_merged_dataset\test\fake\test_fake_dri_fake_000009933.jpg,1,
test,fake,d:\deepfake_noise_wavelet_ml\data\raw\deepfake_merged_dataset\test\fake\test_fake_dri_fake_000008380.jpg,1,
test,fake,d:\deepfake_noise_wavelet_ml\data\raw\deepfake_merged_dataset\test\fake\test_fake_cdfv2_fake_000001895.jpg,1,
test,fake,d:\deepfake_noise_wavelet_ml\data\raw\deepfake_merged_dataset\test\fake\test_fake_dri_fake_000006312.jpg,1,
test,fake,d:\deepfake_noise_wavelet_ml\data\raw\deepfake_merged_dataset\test\fake\test_fake_dri_fake_000009447.jpg,1,
test,fake,d:\deepfake_noise_wavelet_ml\data\raw\deepfake_merged_dataset\test\fake\test_fake_cdfv2_fake_000003115.jpg,1,
test,fake,d:\deepfake_noise_wavelet_ml\data\raw\deepfake_merged_dataset\test\fake\test_fake_cdfv2_fake_000004174.jpg,1,
test,fake,d:\deepfake_noise_wavelet_ml\data\raw\deepfake_merged_dataset\test\fake\test_fake_cdfv2_fake_000000728.jpg,1,
test,fake,d:\deepfake_noise_wavelet_ml\data\raw\deepfake_merged_dataset\test\fake\test_fake_ffpp_face2face_000011613.jpg,1,
test,fake,d:\deepfake_noise_wavelet_ml\data\raw\deepfake_merged_dataset\test\fake\test_fake_dri_fake_000007145.jpg,1,
test,fake,d:\deepfake_noise_wavelet_ml\data\raw\deepfake_merged_dataset\test\fake\test_fake_cdfv2_fake_000000028.jpg,1,
test,fake,d:\deepfake_noise_wavelet_ml\data\raw\deepfake_merged_dataset\test\fake\test_fake_dri_fake_000008519.jpg,1,
test,fake,d:\deepfake_noise_wavelet_ml\data\raw\deepfake_merged_dataset\test\fake\test_fake_ffpp_faceswap_000013214.jpg,1,
test,fake,d:\deepfake_noise_wavelet_ml\data\raw\deepfake_merged_dataset\test\fake\test_fake_dri_fake_000008822.jpg,1,
test,fake,d:\deepfake_noise_wavelet_ml\data\raw\deepfake_merged_dataset\test\fake\test_fake_ffpp_deepfakes_000011254.jpg,1,
test,fake,d:\deepfake_noise_wavelet_ml\data\raw\deepfake_merged_dataset\test\fake\test_fake_ffpp_face2face_000011788.jpg,1,
test,fake,d:\deepfake_noise_wavelet_ml\data\raw\deepfake_merged_dataset\test\fake\test_fake_ffpp_faceshifter_000012157.jpg,1,
test,fake,d:\deepfake_noise_wavelet_ml\data\raw\deepfake_merged_dataset\test\fake\test_fake_ffpp_faceshifter_000012076.jpg,1,
test,fake,d:\deepfake_noise_wavelet_ml\data\raw\deepfake_merged_dataset\test\fake\test_fake_ffpp_deepfakes_000010988.jpg,1,
test,fake,d:\deepfake_noise_wavelet_ml\data\raw\deepfake_merged_dataset\test\fake\test_fake_cdfv2_fake_000003229.jpg,1,
test,fake,d:\deepfake_noise_wavelet_ml\data\raw\deepfake_merged_dataset\test\fake\test_fake_dri_fake_000005968.jpg,1,
test,fake,d:\deepfake_noise_wavelet_ml\data\raw\deepfake_merged_dataset\test\fake\test_fake_dri_fake_000007067.jpg,1,
test,fake,d:\deepfake_noise_wavelet_ml\data\raw\deepfake_merged_dataset\test\fake\test_fake_cdfv2_fake_000001147.jpg,1,
test,fake,d:\deepfake_noise_wavelet_ml\data\raw\deepfake_merged_dataset\test\fake\test_fake_ffpp_deepfakes_000010883.jpg,1,
test,fake,d:\deepfake_noise_wavelet_ml\data\raw\deepfake_merged_dataset\test\fake\test_fake_dri_fake_000005410.jpg,1,
test,fake,d:\deepfake_noise_wavelet_ml\data\raw\deepfake_merged_dataset\test\fake\test_fake_dri_fake_000010210.jpg,1,
test,fake,d:\deepfake_noise_wavelet_ml\data\raw\deepfake_merged_dataset\test\fake\test_fake_dri_fake_000005144.jpg,1,
test,fake,d:\deepfake_noise_wavelet_ml\data\raw\deepfake_merged_dataset\test\fake\test_fake_ffpp_deepfakes_000010869.jpg,1,
test,fake,d:\deepfake_noise_wavelet_ml\data\raw\deepfake_merged_dataset\test\fake\test_fake_ffpp_neuraltextures_000013894.jpg,1,
test,fake,d:\deepfake_noise_wavelet_ml\data\raw\deepfake_merged_dataset\test\fake\test_fake_cdfv2_fake_000002042.jpg,1,
test,fake,d:\deepfake_noise_wavelet_ml\data\raw\deepfake_merged_dataset\test\fake\test_fake_ffpp_face2face_000011793.jpg,1,
test,fake,d:\deepfake_noise_wavelet_ml\data\raw\deepfake_merged_dataset\test\fake\test_fake_cdfv2_fake_000004921.jpg,1,
test,fake,d:\deepfake_noise_wavelet_ml\data\raw\deepfake_merged_dataset\test\fake\test_fake_dri_fake_000008309.jpg,1,
test,fake,d:\deepfake_noise_wavelet_ml\data\raw\deepfake_merged_dataset\test\fake\test_fake_dri_fake_000005068.jpg,1,
test,fake,d:\deepfake_noise_wavelet_ml\data\raw\deepfake_merged_dataset\test\fake\test_fake_ffpp_deepfakes_000010927.jpg,1,
test,fake,d:\deepfake_noise_wavelet_ml\data\raw\deepfake_merged_dataset\test\fake\test_fake_dri_fake_000006692.jpg,1,
test,fake,d:\deepfake_noise_wavelet_ml\data\raw\deepfake_merged_dataset\test\fake\test_fake_dri_fake_000005345.jpg,1,
test,fake,d:\deepfake_noise_wavelet_ml\data\raw\deepfake_merged_dataset\test\fake\test_fake_dri_fake_000006593.jpg,1,
