threshold,roc_auc,pr_auc,accuracy,precision,recall,f1,balanced_accuracy,tn,fp,fn,tp
0.37,0.7148558273403764,0.7823566120240091,0.646606887696991,0.6477175296838058,0.8767055844703896,0.7450130743369442,0.5968678781164218,6294,13559,3506,24930
0.36000000000000004,0.7148558273403764,0.7823566120240091,0.6429621652964443,0.6429939966790139,0.8851455900970601,0.7448839170772851,0.5906108749357007,5878,13975,3266,25170
0.38,0.7148558273403764,0.7823566120240091,0.6502516100975377,0.6529120428000106,0.8669292446194964,0.7448521747012525,0.6034137483864117,6748,13105,3784,24652
0.33,0.7148558273403764,0.7823566120240091,0.6326492575948974,0.63032724968932,0.9096919397946265,0.7446707448722563,0.5727626575515721,4682,15171,2568,25868
0.35000000000000003,0.7148558273403764,0.7823566120240091,0.6390068131458511,0.6382203687886249,0.8934097622731748,0.7445561384484629,0.5840141039240754,5452,14401,3031,25405
0.34,0.7148558273403764,0.7823566120240091,0.6353827993953074,0.6338069936982578,0.9019201012800675,0.7444594418078112,0.5777670823229029,5035,14818,2789,25647
0.32,0.7148558273403764,0.7823566120240091,0.6285903621942885,0.6261866423129612,0.9162681108454073,0.7439503176529374,0.5664048457314731,4299,15554,2381,26055
0.39,0.7148558273403764,0.7823566120240091,0.6528816086479322,0.6576544943820225,0.856273737515825,0.7439352276199205,0.6089155923765092,7178,12675,4087,24349
0.4,0.7148558273403764,0.7823566120240091,0.6561949926484293,0.6630746334472495,0.8460753973835983,0.7434796044499382,0.6151497220635818,7628,12225,4377,24059
0.31,0.7148558273403764,0.7823566120240091,0.6248835138437325,0.6224494637942488,0.92259811506541,0.7433696021761306,0.5605283931494883,3940,15913,2201,26235
0.3,0.7148558273403764,0.7823566120240091,0.6210731222431609,0.6188566873006941,0.9281544521029681,0.7425862360024759,0.5546932538558461,3598,16255,2043,26393
0.29000000000000004,0.7148558273403764,0.7823566120240091,0.6185259582927789,0.6161913822307817,0.9338866225910817,0.7424824905987446,0.5503563974789892,3312,16541,1880,26556
0.41000000000000003,0.7148558273403764,0.7823566120240091,0.6587421565988113,0.6682804627466434,0.834927556618371,0.7423666807373013,0.6206572503285277,8068,11785,4694,23742
0.28,0.7148558273403764,0.7823566120240091,0.6150883223922633,0.6130743266515121,0.938950625967084,0.7418006028866324,0.5450810148925733,3002,16851,1736,26700
0.27,0.7148558273403764,0.7823566120240091,0.6115678518917351,0.6099711409548481,0.943979462652975,0.7410791932967987,0.539712493629414,2689,17164,1593,26843
0.01,0.7148558273403764,0.7823566120240091,0.5886640849882996,0.5888154486874003,0.9993669995779997,0.7410266105164343,0.4998849806735009,8,19845,18,28418
0.42000000000000004,0.7148558273403764,0.7823566120240091,0.6609579821491437,0.6736526946107785,0.8229005486003658,0.740834546951181,0.6259518609621484,8517,11336,5036,23400
0.02,0.7148558273403764,0.7823566120240091,0.5884155811882623,0.5887315768744429,0.9987691658461105,0.7407958057826989,0.49971198936036954,13,19840,35,28401
0.03,0.7148558273403764,0.7823566120240091,0.5884569984882686,0.588825957967677,0.9981009987339992,0.7406866135156647,0.4999067931261292,34,19819,54,28382
0.04,0.7148558273403764,0.7823566120240091,0.588353455238253,0.588823846888363,0.9975383316922212,0.7405299569246834,0.49990249582142915,45,19808,70,28366
0.26,0.7148558273403764,0.7823566120240091,0.6083787197912568,0.6072321167225813,0.9484104656069771,0.7404082417054455,0.5348761641488772,2409,17444,1467,26969
0.05,0.7148558273403764,0.7823566120240091,0.5881049514382157,0.5887766974154409,0.9965888310592207,0.7402309058614566,0.4998055221633685,60,19793,97,28339
0.25,0.7148558273403764,0.7823566120240091,0.6061214769409182,0.6051315260595775,0.9529821353214235,0.7402278128329098,0.5311427575816305,2170,17683,1337,27099
0.060000000000000005,0.7148558273403764,0.7823566120240091,0.5878357389881753,0.5887098450982431,0.9957096638064425,0.739935450993715,0.49966815986373103,72,19781,122,28314
0.24000000000000002,0.7148558273403764,0.7823566120240091,0.6034914783905238,0.6029115242294654,0.9568856379237586,0.7397338480568734,0.5271004525688908,1932,17921,1226,27210
0.22,0.7148558273403764,0.7823566120240091,0.5994740002899211,0.5992492197559964,0.9655718103812069,0.7395326914012524,0.5203369050394928,1491,18362,979,27457
0.06999999999999999,0.7148558273403764,0.7823566120240091,0.5873801486881071,0.5885584666930265,0.9945843297228865,0.7395050268666084,0.49935734392757936,82,19771,154,28282
0.23,0.7148558273403764,0.7823566120240091,0.6011721095901759,0.6008661053834824,0.9612463074975384,0.7394862499492743,0.5233371012629988,1696,18157,1102,27334
0.08,0.7148558273403764,0.7823566120240091,0.5874008573381101,0.5886703612650527,0.9936348290898861,0.7393306643640265,0.49958777670683296,110,19743,181,28255
0.21000000000000002,0.7148558273403764,0.7823566120240091,0.5973203006895981,0.597518384346732,0.968666479110986,0.739115851613336,0.5170486981763563,1299,18554,891,27545
0.09,0.7148558273403764,0.7823566120240091,0.5873387313881008,0.5887370945875482,0.9926501617667746,0.7391105117764889,0.49972507080934303,135,19718,209,28227
0.09999999999999999,0.7148558273403764,0.7823566120240091,0.5875044005881257,0.5889578241524096,0.9914896609931073,0.7389623494567994,0.5001774099555775,176,19677,242,28194
0.2,0.7148558273403764,0.7823566120240091,0.5954772308393216,0.5960177754767452,0.9716204810803207,0.7388223339394588,0.5141686750336878,1126,18727,807,27629
0.11,0.7148558273403764,0.7823566120240091,0.5876493611381474,0.5891855695990625,0.9901533267688846,0.7387699412258607,0.5006425728187847,221,19632,280,28156
0.12,0.7148558273403764,0.7823566120240091,0.587773613038166,0.5894354973997651,0.9885004923336616,0.7385055961326257,0.5011509664609929,274,19579,327,28109
0.19,0.7148558273403764,0.7823566120240091,0.59379983018907,0.5947129941804282,0.973906315937544,0.7384771275815634,0.5116345663201547,980,18873,742,27694
0.13,0.7148558273403764,0.7823566120240091,0.5883948725382593,0.5899991588863656,0.9867069911379941,0.7384461522265502,0.5022942098187326,355,19498,378,28058
0.18000000000000002,0.7148558273403764,0.7823566120240091,0.5926194371388929,0.5937286105407256,0.9761569841046561,0.7383625046549982,0.5097125020256319,859,18994,678,27758
0.17,0.7148558273403764,0.7823566120240091,0.5914804613887221,0.5927574821599745,0.9785834857223238,0.7383027553362254,0.507802799124699,735,19118,609,27827
0.16,0.7148558273403764,0.7823566120240091,0.5905071548385761,0.5919220646914,0.9807638205092136,0.7382729775518848,0.5061477894668166,626,19227,547,27889
0.43,0.7148558273403764,0.7823566120240091,0.6618484540992773,0.6783010809696327,0.8098537065691377,0.7382627791046211,0.6298550757194653,8931,10922,5407,23029
0.15000000000000002,0.7148558273403764,0.7823566120240091,0.589513139638427,0.5910763374920702,0.9829793219862146,0.7382404986398331,0.5044599929328645,515,19338,484,27952
0.14,0.7148558273403764,0.7823566120240091,0.5884984157882748,0.5902738253335863,0.984737656491771,0.7381087314662274,0.5028458342399418,416,19437,434,28002
0.44,0.7148558273403764,0.7823566120240091,0.6636086893495413,0.683969097054563,0.7970178646785765,0.7361787825635029,0.6347704545273707,9381,10472,5772,22664
0.45,0.7148558273403764,0.7823566120240091,0.6651204207997681,0.6899959723642222,0.7831973554649037,0.7336484772618714,0.6395964614427223,9847,10006,6165,22271
0.46,0.7148558273403764,0.7823566120240091,0.6662593965499389,0.6959536836747677,0.7693768462512308,0.7308257616247996,0.6439691363679465,10295,9558,6558,21878
0.47000000000000003,0.7148558273403764,0.7823566120240091,0.6669220733500383,0.7022001047668937,0.7542551695034463,0.7272973889454053,0.6480438190739919,10757,9096,6988,21448
0.48000000000000004,0.7148558273403764,0.7823566120240091,0.6673155377000973,0.7083010607846438,0.7396609931073287,0.7236414305620065,0.6516770688601168,11191,8662,7403,21033
0.49,0.7148558273403764,0.7823566120240091,0.6674604982501191,0.714523396880416,0.7249261499507667,0.7196871836050692,0.6550385043815183,11617,8236,7822,20614
0.5,0.7148558273403764,0.7823566120240091,0.6665286089999793,0.7204131965543125,0.7087846391897594,0.7145516104444011,0.6573943847739459,12031,7822,8281,20155
0.51,0.7148558273403764,0.7823566120240091,0.6651204207997681,0.726249769415237,0.6922562948375299,0.7088457175780055,0.6592546270440105,12433,7420,8751,19685
0.52,0.7148558273403764,0.7823566120240091,0.66373294124956,0.7325200152497141,0.6756927837951892,0.7029597921925876,0.6611476561901448,12837,7016,9222,19214
0.53,0.7148558273403764,0.7823566120240091,0.6617449108492618,0.7386605663800584,0.6586017724011816,0.6963376092210448,0.6624243436125687,13227,6626,9708,18728
0.54,0.7148558273403764,0.7823566120240091,0.6608544388991282,0.7466759399419056,0.6418272612181741,0.6902929329223321,0.6649674260052488,13661,6192,10185,18251
0.55,0.7148558273403764,0.7823566120240091,0.657499637598625,0.7524080281749904,0.6235757490504994,0.6819606561159932,0.6648327543922723,14018,5835,10704,17732
0.56,0.7148558273403764,0.7823566120240091,0.6550560168982584,0.7597583028271513,0.6057814038542693,0.6740887123598583,0.6657074046924598,14406,5447,11210,17226
0.5700000000000001,0.7148558273403764,0.7823566120240091,0.6523431837478515,0.7664714494875549,0.5891123927415952,0.6661894535910283,0.6660113920591066,14749,5104,11684,16752
0.5800000000000001,0.7148558273403764,0.7823566120240091,0.6472902731470935,0.7720679454146389,0.5690322126881417,0.6551807911892132,0.6642068331863618,15076,4777,12255,16181
0.59,0.7148558273403764,0.7823566120240091,0.6420716933463108,0.7768344752258961,0.5502532001688001,0.6442010786775906,0.661919528105354,15358,4495,12789,15647
0.6,0.7148558273403764,0.7823566120240091,0.6367495702955125,0.7828547691988161,0.5302081868054579,0.6322256001677325,0.6597799610297879,15671,4182,13359,15077
0.61,0.7148558273403764,0.7823566120240091,0.6322557932448384,0.7886570069204152,0.5129765086510057,0.6216227733742435,0.6580396571361612,15944,3909,13849,14587
0.62,0.7148558273403764,0.7823566120240091,0.6276584729441488,0.7956010403709148,0.49483049655366435,0.6101643467325788,0.6563710735929054,16238,3615,14365,14071
0.63,0.7148558273403764,0.7823566120240091,0.6231025699434654,0.8027685754850923,0.4772119848079899,0.5985884428760476,0.6546388337881686,16519,3334,14866,13570
0.64,0.7148558273403764,0.7823566120240091,0.6169521008925428,0.8084921472468807,0.45801097200731467,0.5847569873161971,0.6513094199179272,16768,3085,15412,13024
0.65,0.7148558273403764,0.7823566120240091,0.6112158048416824,0.8143135979180222,0.4401462934308623,0.5714285714285715,0.6481948411696699,16999,2854,15920,12516
0.66,0.7148558273403764,0.7823566120240091,0.6042576984406387,0.8194710879693067,0.42062878041918694,0.5559118795315114,0.6439516238770493,17218,2635,16475,11961
0.67,0.7148558273403764,0.7823566120240091,0.5968025844395204,0.8247138925105026,0.4004079336052891,0.5390843236589177,0.6392559992410669,17433,2420,17050,11386
0.68,0.7148558273403764,0.7823566120240091,0.5904450288885668,0.8306223749522719,0.38250808833872557,0.5238014976764345,0.6353934689414376,17635,2218,17559,10877
0.6900000000000001,0.7148558273403764,0.7823566120240091,0.5830727494874609,0.8357460574201375,0.36341257560838375,0.5065562118575525,0.6305553282514794,17822,2031,18102,10334
0.7000000000000001,0.7148558273403764,0.7823566120240091,0.5750377932862557,0.8408405822065282,0.3433323955549304,0.4875770969111294,0.625124113457715,18005,1848,18673,9763
0.7100000000000001,0.7148558273403764,0.7823566120240091,0.5668164592350224,0.8438529088913282,0.3244127162751442,0.4686547449705344,0.6192153744071535,18146,1707,19211,9225
0.72,0.7148558273403764,0.7823566120240091,0.5580567002837085,0.8487857634450889,0.30359403572935717,0.44722459657575053,0.6130623178193454,18315,1538,19803,8633
0.73,0.7148558273403764,0.7823566120240091,0.5506430035825964,0.8552895264212635,0.2851666901111267,0.4277237123190126,0.6080293733636276,18481,1372,20327,8109
0.74,0.7148558273403764,0.7823566120240091,0.5425045041313756,0.860290776919582,0.26635251090167394,0.4067669172932331,0.6021985694587955,18623,1230,20862,7574
0.75,0.7148558273403764,0.7823566120240091,0.5339311230300897,0.8646089522872602,0.24725699817133212,0.3845438634872019,0.5958996923562045,18752,1101,21405,7031
0.76,0.7148558273403764,0.7823566120240091,0.5257304976288596,0.8682459409103007,0.22942748628499085,0.36294853963838664,0.5897804836854864,18863,990,21912,6524
0.77,0.7148558273403764,0.7823566120240091,0.517239951127586,0.8732517482517482,0.21078914052609368,0.33960339943342777,0.5834835240735541,18983,870,22442,5994
0.78,0.7148558273403764,0.7823566120240091,0.5085837354262875,0.8767211015049632,0.19257279504853003,0.31578340349460815,0.5768938623910358,19083,770,22960,5476
0.79,0.7148558273403764,0.7823566120240091,0.5000103543250015,0.879018014835747,0.17502461668307778,0.2919232799577688,0.5702605076061337,19168,685,23459,4977
0.8,0.7148558273403764,0.7823566120240091,0.4925966576238895,0.8840296759078485,0.15923477282318188,0.2698611359437392,0.5646574307373855,19259,594,23908,4528
0.81,0.7148558273403764,0.7823566120240091,0.4840646938226097,0.8858457493426819,0.14217892811928542,0.2450303030303031,0.5579680214565097,19332,521,24393,4043
0.8200000000000001,0.7148558273403764,0.7823566120240091,0.4764853279214728,0.8892451899358658,0.1267759178506119,0.22191443521083412,0.5520798442826826,19404,449,24831,3605
0.8300000000000001,0.7148558273403764,0.7823566120240091,0.46880241877032036,0.8932504942106749,0.11123224082149388,0.197829690089752,0.5460961486180708,19475,378,25273,3163
0.8400000000000001,0.7148558273403764,0.7823566120240091,0.46221706806933255,0.8959871589085072,0.09815023210015474,0.17691990745142785,0.5409151402277835,19529,324,25645,2791
0.85,0.7148558273403764,0.7823566120240091,0.4554039222183106,0.9046177138531416,0.0840483893655929,0.1538065512581247,0.5356775468210123,19601,252,26046,2390
0.86,0.7148558273403764,0.7823566120240091,0.4494812483174222,0.9086496028243601,0.07240821493880996,0.13412806983258418,0.5309907895829394,19646,207,26377,2059
0.87,0.7148558273403764,0.7823566120240091,0.4446768415167015,0.9136874361593462,0.06291320860880574,0.11772060275054287,0.5272003206193174,19684,169,26647,1789
0.88,0.7148558273403764,0.7823566120240091,0.44070078071610513,0.9229857819905213,0.05478970319313546,0.10343911831098128,0.5241207872234251,19723,130,26878,1558
0.89,0.7148558273403764,0.7823566120240091,0.43655905071548384,0.9269819193324061,0.04687719791813195,0.0892414808863895,0.5207941623499893,19748,105,27103,1333
0.9,0.7148558273403764,0.7823566120240091,0.4333285013149993,0.935064935064935,0.040512027008018,0.07765943103680732,0.5182412046589981,19773,80,27284,1152
0.91,0.7148558273403764,0.7823566120240091,0.4308227546646234,0.9415041782729805,0.03565902377268251,0.06871548131331955,0.5162428499208952,19790,63,27422,1014
0.92,0.7148558273403764,0.7823566120240091,0.4284205512642631,0.952329360780065,0.030911520607680404,0.05987942368609285,0.5143476154390842,19809,44,27557,879
0.93,0.7148558273403764,0.7823566120240091,0.4263496862639525,0.9599499374217773,0.02697285131523421,0.052471352830511374,0.5126805021196128,19821,32,27669,767
0.9400000000000001,0.7148558273403764,0.7823566120240091,0.42398890016359836,0.9613670133729569,0.022752848501899,0.04445360541413308,0.510721611376321,19827,26,27789,647
0.9500000000000001,0.7148558273403764,0.7823566120240091,0.42216653896332496,0.968365553602812,0.019376846251230834,0.03799344940527495,0.509235091135488,19835,18,27885,551
0.9600000000000001,0.7148558273403764,0.7823566120240091,0.4201163826130175,0.9717391304347827,0.015719510479673654,0.030938538205980068,0.5075323488025225,19840,13,27989,447
0.97,0.7148558273403764,0.7823566120240091,0.41852181656277826,0.976,0.012871008580672387,0.025406962618444343,0.5062088382952725,19844,9,28070,366
0.98,0.7148558273403764,0.7823566120240091,0.4166166207624925,0.974910394265233,0.009565339710226474,0.018944802368100297,0.5046063740811748,19846,7,28164,272
0.99,0.7148558273403764,0.7823566120240091,0.4146700076622005,0.9776536312849162,0.00615417076944718,0.012231347195526822,0.502976344942473,19849,4,28261,175
